config_key,K,lam_lin,lam_nonlin,seed,pred_r2,sharpe,phi,drift
"(2, 0.001, 1e-06)",2,0.001,1e-06,10,0.007387638092041016,0.6988353926094467,0.6710135019593941,0.3234549918355105
"(2, 0.001, 1e-06)",2,0.001,1e-06,30,0.01144176721572876,0.6688967428683336,0.6772570502810847,0.6616046979866768
"(2, 0.001, 1e-06)",2,0.001,1e-06,45,0.004842042922973633,0.647244952790673,0.6071149310812837,0.44933338497843506
"(2, 0.001, 1e-06)",2,0.001,1e-06,99,0.011565744876861572,0.6569076275848222,0.6832405946626959,0.6737723691680623
"(2, 0.001, 1e-06)",2,0.001,1e-06,2048,0.011135280132293701,0.6549457885659256,0.5125442676998181,0.4498133810750376
"(2, 0.001, 1e-05)",2,0.001,1e-05,10,0.006087899208068848,0.6237198226722995,0.861635912171942,0.9744193175294524
"(2, 0.001, 1e-05)",2,0.001,1e-05,30,0.015203654766082764,0.5756081310624516,0.7641927421232374,0.9888463624306756
"(2, 0.001, 1e-05)",2,0.001,1e-05,45,0.014349281787872314,0.6087098347106991,0.9579670243196837,0.9991469940693718
"(2, 0.001, 1e-05)",2,0.001,1e-05,99,0.01155167818069458,0.9748254264924356,0.05512013635855567,0.8517278884776722
"(2, 0.001, 1e-05)",2,0.001,1e-05,2048,0.016359567642211914,0.9789975966793298,0.44868438972824015,0.8569860542306222
"(2, 0.001, 5e-05)",2,0.001,5e-05,10,0.019560158252716064,0.6293184069300191,0.008424237501701686,1.00226528087379
"(2, 0.001, 5e-05)",2,0.001,5e-05,30,0.018610894680023193,0.6240124647548246,0.8299921909319412,0.995784779082405
"(2, 0.001, 5e-05)",2,0.001,5e-05,45,0.018191874027252197,0.6214912474457721,0.6980736973504774,0.9986337395502214
"(2, 0.001, 5e-05)",2,0.001,5e-05,99,0.01412135362625122,0.613370008576545,0.7329287311385219,0.997796544679478
"(2, 0.001, 5e-05)",2,0.001,5e-05,2048,0.013571381568908691,1.0014632030996018,0.14081553816699097,0.8489723434543406
"(2, 0.001, 0.0001)",2,0.001,0.0001,10,0.018749773502349854,0.6098927397240508,0.4498621269898691,0.9997236846212256
"(2, 0.001, 0.0001)",2,0.001,0.0001,30,0.017995893955230713,0.6142822550808913,0.7931705539767514,0.9951771202027775
"(2, 0.001, 0.0001)",2,0.001,0.0001,45,0.019194841384887695,0.6377441638141467,0.2739066365816179,1.0012877558125326
"(2, 0.001, 0.0001)",2,0.001,0.0001,99,0.014880239963531494,0.6056719895067046,0.6944012075133795,0.9978325036327373
"(2, 0.001, 0.0001)",2,0.001,0.0001,2048,0.013639211654663086,0.9953380621472148,0.1347075910122955,0.8489883697407472
"(2, 0.001, 0.0005)",2,0.001,0.0005,10,-0.009464025497436523,0.8871824312246016,0.00012193098348756491,0.26406949466361257
"(2, 0.001, 0.0005)",2,0.001,0.0005,30,0.019653618335723877,0.5923739086551799,0.44757397691330875,0.9976215913837436
"(2, 0.001, 0.0005)",2,0.001,0.0005,45,0.019475102424621582,0.6398374209142734,0.3776438638921436,1.0009623319808518
"(2, 0.001, 0.0005)",2,0.001,0.0005,99,0.01997661590576172,0.6914784608712273,0.09501136506091487,0.9986923102345319
"(2, 0.001, 0.0005)",2,0.001,0.0005,2048,0.019374310970306396,0.6280070440000386,0.844453899955891,0.99634096634284
"(2, 0.005, 1e-06)",2,0.005,1e-06,10,0.008204042911529541,0.6788721294892339,0.6730586410912911,0.48115824296740806
"(2, 0.005, 1e-06)",2,0.005,1e-06,30,0.013145983219146729,0.6652956761540136,0.6605076303416746,0.6922565883381576
"(2, 0.005, 1e-06)",2,0.005,1e-06,45,0.007740795612335205,0.6443116107674919,0.6578926575485137,0.5250837900312105
"(2, 0.005, 1e-06)",2,0.005,1e-06,99,0.018316686153411865,0.6134689022035206,0.846796153201734,0.9206166071455544
"(2, 0.005, 1e-06)",2,0.005,1e-06,2048,0.011441409587860107,0.6711078193384005,0.47595665921033264,0.5222551057108967
"(2, 0.005, 1e-05)",2,0.005,1e-05,10,0.016628503799438477,0.936480246605666,0.19509970532174392,0.9093626110496521
"(2, 0.005, 1e-05)",2,0.005,1e-05,30,0.0137442946434021,0.98272062396928,0.011239272393639527,0.8692567139253224
"(2, 0.005, 1e-05)",2,0.005,1e-05,45,0.016746819019317627,1.0079879232614215,0.1548340303362416,0.8377396879595208
"(2, 0.005, 1e-05)",2,0.005,1e-05,99,0.015084683895111084,0.9932461271507677,0.0010129993411469864,0.8838904802366474
"(2, 0.005, 1e-05)",2,0.005,1e-05,2048,0.017033278942108154,0.9846549211536912,0.6590367251603932,0.8993959014995953
"(2, 0.005, 5e-05)",2,0.005,5e-05,10,0.018407344818115234,0.7838308505685997,0.7124030653397379,0.9867481335568455
"(2, 0.005, 5e-05)",2,0.005,5e-05,30,0.016712844371795654,1.0017324016223346,0.058708256414301184,0.9131940579816697
"(2, 0.005, 5e-05)",2,0.005,5e-05,45,0.018213868141174316,0.9896700149777469,0.3880245974705018,0.9209348272481691
"(2, 0.005, 5e-05)",2,0.005,5e-05,99,0.012135148048400879,0.9925690587746533,0.15003255619133854,0.885092294098929
"(2, 0.005, 5e-05)",2,0.005,5e-05,2048,0.01653808355331421,0.9840840771883609,0.32771692118770485,0.9103195837068166
"(2, 0.005, 0.0001)",2,0.005,0.0001,10,0.01839578151702881,0.7877593495630437,0.7029243884964006,0.9867442930783127
"(2, 0.005, 0.0001)",2,0.005,0.0001,30,0.01666569709777832,0.989920335853914,0.05818008711136216,0.9132526929185142
"(2, 0.005, 0.0001)",2,0.005,0.0001,45,0.01815122365951538,0.9842552800954746,0.38013706936239394,0.9209622413043932
"(2, 0.005, 0.0001)",2,0.005,0.0001,99,0.01765286922454834,1.0036467843452657,0.2611498478085884,0.9270649008774418
"(2, 0.005, 0.0001)",2,0.005,0.0001,2048,0.016511917114257812,0.9781219495362463,0.31602981910927125,0.910373618104178
"(2, 0.005, 0.0005)",2,0.005,0.0005,10,0.018182575702667236,0.766977530160615,0.666960156274328,0.9866537721936625
"(2, 0.005, 0.0005)",2,0.005,0.0005,30,0.016882240772247314,1.0031448674560695,0.006322495470475765,0.9508738145289369
"(2, 0.005, 0.0005)",2,0.005,0.0005,45,0.017300009727478027,0.9868546792563797,0.3586138975448803,0.921447389289123
"(2, 0.005, 0.0005)",2,0.005,0.0005,99,0.017313122749328613,0.9818433224061225,0.36947237247705655,0.9279013946896522
"(2, 0.005, 0.0005)",2,0.005,0.0005,2048,0.015405833721160889,0.9758496072111791,0.23053232960629688,0.91044790999526
"(2, 0.01, 1e-06)",2,0.01,1e-06,10,0.009026587009429932,0.6773999490278566,0.6896243212982239,0.5027998342894434
"(2, 0.01, 1e-06)",2,0.01,1e-06,30,0.013106882572174072,0.649550379096345,0.6544634308653334,0.6938720788271453
"(2, 0.01, 1e-06)",2,0.01,1e-06,45,0.007330536842346191,0.644088859101929,0.6701011587123037,0.5345272001371373
"(2, 0.01, 1e-06)",2,0.01,1e-06,99,0.010302424430847168,0.6171236978676591,0.7508410613083817,0.734598874374294
"(2, 0.01, 1e-06)",2,0.01,1e-06,2048,0.011527001857757568,0.66968285143666,0.48502798186971774,0.5290309923240605
"(2, 0.01, 1e-05)",2,0.01,1e-05,10,0.01580023765563965,0.9526652687467683,0.0062221788429539515,0.855718408445707
"(2, 0.01, 1e-05)",2,0.01,1e-05,30,0.013592302799224854,0.982075938612974,0.012542986823805507,0.8690676484094796
"(2, 0.01, 1e-05)",2,0.01,1e-05,45,0.01672762632369995,1.0057849644465997,0.14349023703676092,0.8466244170236538
"(2, 0.01, 1e-05)",2,0.01,1e-05,99,0.013916611671447754,1.001788071534251,0.0021917639263220605,0.8758711459126335
"(2, 0.01, 1e-05)",2,0.01,1e-05,2048,0.017024576663970947,0.9839053417933435,0.7044278317464345,0.9067003365021672
"(2, 0.01, 5e-05)",2,0.01,5e-05,10,0.015900373458862305,0.9344629001499819,0.15308246842984147,0.9420892618510041
"(2, 0.01, 5e-05)",2,0.01,5e-05,30,0.013531744480133057,0.985399654844184,0.00905481525027543,0.8691370447887651
"(2, 0.01, 5e-05)",2,0.01,5e-05,45,0.018325865268707275,0.9972385825432726,0.414328438468585,0.930303035675534
"(2, 0.01, 5e-05)",2,0.01,5e-05,99,0.012168705463409424,0.9901323452972896,0.14747157671154676,0.8867634971279617
"(2, 0.01, 5e-05)",2,0.01,5e-05,2048,0.016641616821289062,0.9863005906532715,0.3731429961232779,0.9177840666631121
"(2, 0.01, 0.0001)",2,0.01,0.0001,10,0.015700876712799072,0.9272333220415558,0.14399240410545303,0.9421065041670051
"(2, 0.01, 0.0001)",2,0.01,0.0001,30,0.01656949520111084,0.9798197752741612,0.06020621459706867,0.9134922801531968
"(2, 0.01, 0.0001)",2,0.01,0.0001,45,0.01823514699935913,0.9961222970202672,0.4060684114597299,0.9302991955672247
"(2, 0.01, 0.0001)",2,0.01,0.0001,99,0.012298941612243652,0.9901361961486361,0.15054890701766557,0.8868777571595069
"(2, 0.01, 0.0001)",2,0.01,0.0001,2048,0.0165940523147583,0.983183222199184,0.35985233842924363,0.9178225929664416
"(2, 0.01, 0.0005)",2,0.01,0.0005,10,0.018363475799560547,0.7730451822956913,0.9716186055566565,0.9974195994300553
"(2, 0.01, 0.0005)",2,0.01,0.0005,30,0.016802549362182617,0.988043944263018,0.010711369179002032,0.950508396447818
"(2, 0.01, 0.0005)",2,0.01,0.0005,45,0.016938507556915283,1.0196472305692632,0.3706888506702866,0.9305536299252839
"(2, 0.01, 0.0005)",2,0.01,0.0005,99,0.017134130001068115,0.9735640156920361,0.35889359951913197,0.9303234657318745
"(2, 0.01, 0.0005)",2,0.01,0.0005,2048,0.015508413314819336,0.9735651481312648,0.2663029273995015,0.917861321376568
"(2, 0.05, 1e-06)",2,0.05,1e-06,10,0.007936537265777588,0.6638136672215594,0.7236157232900097,0.5178683409754954
"(2, 0.05, 1e-06)",2,0.05,1e-06,30,0.012996494770050049,0.6473804086510869,0.6499140969629562,0.6948062819950038
"(2, 0.05, 1e-06)",2,0.05,1e-06,45,0.006936252117156982,0.6703630984969396,0.6839007711525459,0.5408194826651318
"(2, 0.05, 1e-06)",2,0.05,1e-06,99,0.017733991146087646,0.6045522296295373,0.8420798849980485,0.9243643783515758
"(2, 0.05, 1e-06)",2,0.05,1e-06,2048,0.011668264865875244,0.6738296103119937,0.49946893234394263,0.5312018427081198
"(2, 0.05, 1e-05)",2,0.05,1e-05,10,0.016790807247161865,0.9889945529506505,0.01239954190734843,0.8793494953952565
"(2, 0.05, 1e-05)",2,0.05,1e-05,30,0.016542136669158936,0.9767538826447875,0.08191627104221437,0.9135207881065404
"(2, 0.05, 1e-05)",2,0.05,1e-05,45,0.01690351963043213,1.035696369508868,0.15994579630918274,0.85092671181997
"(2, 0.05, 1e-05)",2,0.05,1e-05,99,0.013744831085205078,0.9848801386866918,0.0003292773219419471,0.8770283562833215
"(2, 0.05, 1e-05)",2,0.05,1e-05,2048,0.016934216022491455,0.9867947516654254,0.7351340399219883,0.9122021960060283
"(2, 0.05, 5e-05)",2,0.05,5e-05,10,0.018538475036621094,0.9935091039266496,0.245415528279362,0.9620574615110098
"(2, 0.05, 5e-05)",2,0.05,5e-05,30,0.013435184955596924,0.9817963568802314,0.013797732018514162,0.8687435237510737
"(2, 0.05, 5e-05)",2,0.05,5e-05,45,0.018804073333740234,0.981748774102194,0.43162633981085935,0.9380749155259279
"(2, 0.05, 5e-05)",2,0.05,5e-05,99,0.01206737756729126,0.9954602030140015,0.14557794880969382,0.8879690414796622
"(2, 0.05, 5e-05)",2,0.05,5e-05,2048,0.016651630401611328,0.9971885060546839,0.40875514576200733,0.9234209366293502
"(2, 0.05, 0.0001)",2,0.05,0.0001,10,0.01847517490386963,0.9926740269228077,0.23299027425831959,0.9620337946388188
"(2, 0.05, 0.0001)",2,0.05,0.0001,30,0.0165177583694458,0.9933750017101888,0.06312559612103655,0.9134732531220844
"(2, 0.05, 0.0001)",2,0.05,0.0001,45,0.018762409687042236,0.98311643839226,0.423660120769351,0.9380566186068989
"(2, 0.05, 0.0001)",2,0.05,0.0001,99,0.012235283851623535,0.9842276285070194,0.148549486625253,0.8879705611746788
"(2, 0.05, 0.0001)",2,0.05,0.0001,2048,0.016479790210723877,0.995188607930687,0.22373460320838998,0.8906608300032498
"(2, 0.05, 0.0005)",2,0.05,0.0005,10,0.017844200134277344,0.9977595171550089,0.1677079561662958,0.9620948622338239
"(2, 0.05, 0.0005)",2,0.05,0.0005,30,0.016815125942230225,1.0154658696917567,0.0149403283856593,0.9500920512358054
"(2, 0.05, 0.0005)",2,0.05,0.0005,45,0.017599403858184814,1.0022614699555719,0.3836843063030227,0.9380854696777376
"(2, 0.05, 0.0005)",2,0.05,0.0005,99,0.01718205213546753,0.9830979605115528,0.3518522353387339,0.9318681040605968
"(2, 0.05, 0.0005)",2,0.05,0.0005,2048,0.015532135963439941,0.9970253227565828,0.28688452762132366,0.923468938907259
"(2, 0.1, 1e-06)",2,0.1,1e-06,10,0.007913053035736084,0.6755254561562597,0.7294422363975351,0.5192756977947357
"(2, 0.1, 1e-06)",2,0.1,1e-06,30,0.013090729713439941,0.6548963066811074,0.6434028815797272,0.6949470710608376
"(2, 0.1, 1e-06)",2,0.1,1e-06,45,0.006907463073730469,0.6764619422235143,0.6857263478867827,0.5415942416940044
"(2, 0.1, 1e-06)",2,0.1,1e-06,99,0.010292291641235352,0.6117011692057127,0.7554179687744788,0.7367882435085434
"(2, 0.1, 1e-06)",2,0.1,1e-06,2048,0.011670410633087158,0.6723445957418026,0.5016134845896111,0.5313780242616702
"(2, 0.1, 1e-05)",2,0.1,1e-05,10,0.01690894365310669,0.9875393625721512,0.012106322902817443,0.8820603108348516
"(2, 0.1, 1e-05)",2,0.1,1e-05,30,0.016546785831451416,0.989173397315847,0.08204888138371896,0.9135117416639289
"(2, 0.1, 1e-05)",2,0.1,1e-05,45,0.01683187484741211,1.029683143364464,0.16375738244111696,0.8514097423037597
"(2, 0.1, 1e-05)",2,0.1,1e-05,99,0.013720333576202393,0.9714552387458051,0.0002312535454781294,0.8770868989337017
"(2, 0.1, 1e-05)",2,0.1,1e-05,2048,0.016945600509643555,0.9881544767010545,0.7394830530697178,0.9128460089925615
"(2, 0.1, 5e-05)",2,0.1,5e-05,10,0.018767714500427246,1.0157225649006607,0.2685336033810566,0.9635814829911336
"(2, 0.1, 5e-05)",2,0.1,5e-05,30,0.016535043716430664,0.9931836951976061,0.07540350019537526,0.9135121965558074
"(2, 0.1, 5e-05)",2,0.1,5e-05,45,0.018866658210754395,0.9902919062542345,0.43354025081525294,0.9384537065057703
"(2, 0.1, 5e-05)",2,0.1,5e-05,99,0.012037992477416992,0.9914300192971508,0.14513321138519,0.8881625528995342
"(2, 0.1, 5e-05)",2,0.1,5e-05,2048,0.016669154167175293,0.9916695228917562,0.41305805488012676,0.924005516221049
"(2, 0.1, 0.0001)",2,0.1,0.0001,10,0.018709421157836914,1.0073954289845408,0.2553980502070845,0.9636451308929121
"(2, 0.1, 0.0001)",2,0.1,0.0001,30,0.016503632068634033,0.9935244015536874,0.062446126436354464,0.9135474600312486
"(2, 0.1, 0.0001)",2,0.1,0.0001,45,0.018832921981811523,0.989337570128664,0.425301343612472,0.9384145484162348
"(2, 0.1, 0.0001)",2,0.1,0.0001,99,0.012203335762023926,0.9809753872472375,0.14816083850449457,0.8881136680744192
"(2, 0.1, 0.0001)",2,0.1,0.0001,2048,0.01646411418914795,0.9824551977400937,0.22512139219672714,0.8912696400927672
"(2, 0.1, 0.0005)",2,0.1,0.0005,10,0.01817268133163452,1.011120569837228,0.1882273114417455,0.9635473880716009
"(2, 0.1, 0.0005)",2,0.1,0.0005,30,0.016779065132141113,1.0119316616269163,0.014163418935906351,0.950020120027292
"(2, 0.1, 0.0005)",2,0.1,0.0005,45,0.017695844173431396,0.9826814369420259,0.38577544156565086,0.9383987811160449
"(2, 0.1, 0.0005)",2,0.1,0.0005,99,0.017200231552124023,0.9816376046569095,0.3515381438339541,0.9320279847015274
"(2, 0.1, 0.0005)",2,0.1,0.0005,2048,0.015496134757995605,1.0009612754951551,0.28908717904841624,0.9240810347201326
"(3, 0.001, 1e-06)",3,0.001,1e-06,10,0.012923955917358398,0.7202142095174445,0.7032180220954335,0.2691758176821549
"(3, 0.001, 1e-06)",3,0.001,1e-06,30,0.012241721153259277,0.6785762466183097,0.7079640718959612,0.5345553020065655
"(3, 0.001, 1e-06)",3,0.001,1e-06,45,0.01267784833908081,0.7180114488575524,0.685871555486831,0.5092652157251872
"(3, 0.001, 1e-06)",3,0.001,1e-06,99,0.011888444423675537,1.0008424121278185,0.653972069627629,0.7671943519846222
"(3, 0.001, 1e-06)",3,0.001,1e-06,2048,0.013012290000915527,0.704747434801276,0.6388802052040897,0.4293948908659473
"(3, 0.001, 1e-05)",3,0.001,1e-05,10,0.013013184070587158,0.8191772976047353,0.3934697054524253,0.609113574825136
"(3, 0.001, 1e-05)",3,0.001,1e-05,30,0.010870516300201416,0.9720581525355231,0.7060880879914457,0.8989990185136872
"(3, 0.001, 1e-05)",3,0.001,1e-05,45,0.01729714870452881,0.962948624745736,0.12361888247142619,0.7542202939885567
"(3, 0.001, 1e-05)",3,0.001,1e-05,99,0.011591672897338867,0.9981121908013793,0.23865379801538272,0.7811482412184475
"(3, 0.001, 1e-05)",3,0.001,1e-05,2048,0.013938665390014648,0.9320611220495992,0.07917663224564507,0.7044501303205363
"(3, 0.001, 5e-05)",3,0.001,5e-05,10,0.01773911714553833,0.8526758968144487,0.19402708067429397,0.7854550144550501
"(3, 0.001, 5e-05)",3,0.001,5e-05,30,0.01630610227584839,0.9530894829831719,0.1810038429991576,0.796665982403762
"(3, 0.001, 5e-05)",3,0.001,5e-05,45,0.01717919111251831,0.9531519443887759,0.11422245782496274,0.7541596930654977
"(3, 0.001, 5e-05)",3,0.001,5e-05,99,0.009185373783111572,1.001438549286271,0.20774620477737588,0.7811106189316017
"(3, 0.001, 5e-05)",3,0.001,5e-05,2048,0.0139426589012146,0.9382261150537266,0.07321005053723625,0.7043576588526131
"(3, 0.001, 0.0001)",3,0.001,0.0001,10,0.016595005989074707,0.8401723311400605,0.24670492323911614,0.8262566609070046
"(3, 0.001, 0.0001)",3,0.001,0.0001,30,0.016450226306915283,0.9707081272976366,0.15083875659547652,0.7965458148006984
"(3, 0.001, 0.0001)",3,0.001,0.0001,45,0.01703357696533203,0.9717750323207682,0.103256054153564,0.7540419397019894
"(3, 0.001, 0.0001)",3,0.001,0.0001,99,0.01625746488571167,0.9639434464146096,0.19559279269207994,0.8169686598849308
"(3, 0.001, 0.0001)",3,0.001,0.0001,2048,0.019480586051940918,0.9735149515641087,0.09694747685462395,0.7749534395508179
"(3, 0.001, 0.0005)",3,0.001,0.0005,10,0.01968204975128174,0.8439705837815673,0.08253270432735324,0.8379905274841113
"(3, 0.001, 0.0005)",3,0.001,0.0005,30,0.020241737365722656,0.8451845542768105,0.6919663482596168,0.9985759869259295
"(3, 0.001, 0.0005)",3,0.001,0.0005,45,0.019544243812561035,0.6187467484062629,0.7479817586341188,0.9993939827926159
"(3, 0.001, 0.0005)",3,0.001,0.0005,99,0.015739858150482178,0.952916631260804,0.12374572890676165,0.8736133880127113
"(3, 0.001, 0.0005)",3,0.001,0.0005,2048,0.0178067684173584,0.8477619946050258,0.046802402278259166,0.8441310594992459
"(3, 0.005, 1e-06)",3,0.005,1e-06,10,0.011766433715820312,0.6990373557911079,0.7253508872871914,0.3619727746889543
"(3, 0.005, 1e-06)",3,0.005,1e-06,30,0.011654317378997803,0.6822250240715942,0.7180919721452851,0.5617274772147254
"(3, 0.005, 1e-06)",3,0.005,1e-06,45,0.017928361892700195,0.6748329371131095,0.7040102686972919,0.6873470799433178
"(3, 0.005, 1e-06)",3,0.005,1e-06,99,0.01230478286743164,0.9680978389519579,0.6407446663206109,0.7758417292845308
"(3, 0.005, 1e-06)",3,0.005,1e-06,2048,0.008778035640716553,0.7183366905611458,0.6636585628594467,0.5830719348987805
"(3, 0.005, 1e-05)",3,0.005,1e-05,10,0.010617196559906006,0.9991346107794293,0.5135706113672064,0.7192625727681007
"(3, 0.005, 1e-05)",3,0.005,1e-05,30,0.016119658946990967,1.0028328882874302,0.3962578216595332,0.8176987286367852
"(3, 0.005, 1e-05)",3,0.005,1e-05,45,0.016442179679870605,1.0278809917545855,0.18731230942468086,0.82516236051731
"(3, 0.005, 1e-05)",3,0.005,1e-05,99,0.014008402824401855,1.0066984363741285,0.23378301819068403,0.7889142868791092
"(3, 0.005, 1e-05)",3,0.005,1e-05,2048,0.01542884111404419,1.0024699032835918,0.11597999285866362,0.781518096961468
"(3, 0.005, 5e-05)",3,0.005,5e-05,10,0.016963601112365723,1.0302134346856042,0.21918361002952538,0.8436514396221817
"(3, 0.005, 5e-05)",3,0.005,5e-05,30,0.017941057682037354,1.0235728334351124,0.16127847725543518,0.7916348606835512
"(3, 0.005, 5e-05)",3,0.005,5e-05,45,0.016447126865386963,1.0281661498576524,0.1758171869507915,0.8251265625225109
"(3, 0.005, 5e-05)",3,0.005,5e-05,99,0.012035369873046875,1.0112464136900625,0.20345204423356436,0.7888669159691262
"(3, 0.005, 5e-05)",3,0.005,5e-05,2048,0.015486001968383789,1.0153349659102087,0.10861186285814148,0.781507795167562
"(3, 0.005, 0.0001)",3,0.005,0.0001,10,0.017094194889068604,1.0337052154053046,0.2009851748293462,0.84364804450147
"(3, 0.005, 0.0001)",3,0.005,0.0001,30,0.017889022827148438,1.0224176758343981,0.13624310742334825,0.7915489216073127
"(3, 0.005, 0.0001)",3,0.005,0.0001,45,0.01651078462600708,1.0252131661405752,0.16169899652763636,0.8250870625838403
"(3, 0.005, 0.0001)",3,0.005,0.0001,99,0.00963127613067627,1.0162238076964665,0.16862207851568436,0.7889311193943042
"(3, 0.005, 0.0001)",3,0.005,0.0001,2048,0.015544652938842773,1.0355523689863557,0.10014069492282224,0.7815034827774068
"(3, 0.005, 0.0005)",3,0.005,0.0005,10,0.019394278526306152,1.0227809783311108,0.09084605796749894,0.8458790523695556
"(3, 0.005, 0.0005)",3,0.005,0.0005,30,0.018410921096801758,1.0475751814235101,0.03685625071677667,0.8103452071716363
"(3, 0.005, 0.0005)",3,0.005,0.0005,45,0.01528388261795044,0.9798620880113588,0.1274120837536792,0.8737071299228636
"(3, 0.005, 0.0005)",3,0.005,0.0005,99,0.019341230392456055,1.0011040826277364,0.07637287046042489,0.8346697116452547
"(3, 0.005, 0.0005)",3,0.005,0.0005,2048,0.01869291067123413,1.013058031673606,0.04771952676728741,0.7992984339534225
"(3, 0.01, 1e-06)",3,0.01,1e-06,10,0.011236011981964111,0.70477784841596,0.729460305617773,0.3778003150978686
"(3, 0.01, 1e-06)",3,0.01,1e-06,30,0.011989414691925049,0.7098164529938097,0.7165688714888372,0.563227598722377
"(3, 0.01, 1e-06)",3,0.01,1e-06,45,0.016830801963806152,0.6707408431704427,0.7063731187192909,0.6939015308376505
"(3, 0.01, 1e-06)",3,0.01,1e-06,99,0.012349069118499756,0.9712767056890129,0.6394027661313573,0.7762163868157232
"(3, 0.01, 1e-06)",3,0.01,1e-06,2048,0.009512901306152344,0.7216690074839689,0.6691542227998851,0.5912593277313044
"(3, 0.01, 1e-05)",3,0.01,1e-05,10,0.010425150394439697,1.0135391330442527,0.5277802622811653,0.7275769484214558
"(3, 0.01, 1e-05)",3,0.01,1e-05,30,0.016184985637664795,0.9870992240466476,0.39909063633299624,0.8185728294539607
"(3, 0.01, 1e-05)",3,0.01,1e-05,45,0.016294479370117188,1.006819710834504,0.19839380925987582,0.8340994427254059
"(3, 0.01, 1e-05)",3,0.01,1e-05,99,0.014141201972961426,1.0087161395623316,0.23310516997104277,0.7889244817978406
"(3, 0.01, 1e-05)",3,0.01,1e-05,2048,0.015512943267822266,1.010624233389829,0.12316262764046541,0.7886271465907968
"(3, 0.01, 5e-05)",3,0.01,5e-05,10,0.016958236694335938,0.9911492818737004,0.23665785305122036,0.8486726003380571
"(3, 0.01, 5e-05)",3,0.01,5e-05,30,0.017890453338623047,1.0166831918184416,0.16065832269697392,0.7923859086306888
"(3, 0.01, 5e-05)",3,0.01,5e-05,45,0.016319870948791504,1.0114624390075275,0.18669477280049662,0.8340693650600607
"(3, 0.01, 5e-05)",3,0.01,5e-05,99,0.012223780155181885,0.9992373529805693,0.20291342720979755,0.7889332413003372
"(3, 0.01, 5e-05)",3,0.01,5e-05,2048,0.015604853630065918,1.0117645342937596,0.11586862405889368,0.7885718634707016
"(3, 0.01, 0.0001)",3,0.01,0.0001,10,0.017069876194000244,0.9909939382548795,0.2165721228425,0.848655870933068
"(3, 0.01, 0.0001)",3,0.01,0.0001,30,0.017972290515899658,0.9988593119013611,0.13512692638558427,0.7923590990257409
"(3, 0.01, 0.0001)",3,0.01,0.0001,45,0.016381502151489258,1.0152836477090432,0.17148354615977865,0.8340825372602955
"(3, 0.01, 0.0001)",3,0.01,0.0001,99,0.009861290454864502,1.0060454670168855,0.16811664961185618,0.7889282065287335
"(3, 0.01, 0.0001)",3,0.01,0.0001,2048,0.015698611736297607,1.0147021933003706,0.10624817004574037,0.7885829179110063
"(3, 0.01, 0.0005)",3,0.01,0.0005,10,0.01923978328704834,1.004252148295097,0.10363050565943716,0.8504334414557347
"(3, 0.01, 0.0005)",3,0.01,0.0005,30,0.01841825246810913,1.0456433589216778,0.0363208413860259,0.8112852939753037
"(3, 0.01, 0.0005)",3,0.01,0.0005,45,0.015491902828216553,0.9895979934013197,0.13969755556690777,0.8782468180941501
"(3, 0.01, 0.0005)",3,0.01,0.0005,99,0.01936018466949463,1.0304310019283076,0.07618577176066656,0.8351145531312715
"(3, 0.01, 0.0005)",3,0.01,0.0005,2048,0.018349409103393555,0.9834540003640374,0.05178146003615921,0.8066485731723606
"(3, 0.05, 1e-06)",3,0.05,1e-06,10,0.010708808898925781,0.7099628496784954,0.7357344761033392,0.38696282853645364
"(3, 0.05, 1e-06)",3,0.05,1e-06,30,0.01225978136062622,0.7076379754641667,0.7146890777138273,0.5642362468228623
"(3, 0.05, 1e-06)",3,0.05,1e-06,45,0.016878724098205566,0.679847279838206,0.706901178866736,0.6984809313476124
"(3, 0.05, 1e-06)",3,0.05,1e-06,99,0.01235663890838623,0.9868921439749097,0.6382341371153274,0.776332597652243
"(3, 0.05, 1e-06)",3,0.05,1e-06,2048,0.01026308536529541,0.7105252316332026,0.6934529677321188,0.5941648417865579
"(3, 0.05, 1e-05)",3,0.05,1e-05,10,0.01044154167175293,0.9978450738203022,0.6197352333132027,0.7839123565393131
"(3, 0.05, 1e-05)",3,0.05,1e-05,30,0.01623070240020752,1.013056585794352,0.39969856326833264,0.8190305051241572
"(3, 0.05, 1e-05)",3,0.05,1e-05,45,0.01647871732711792,0.9990296565013003,0.20503699974366774,0.8374539595199891
"(3, 0.05, 1e-05)",3,0.05,1e-05,99,0.014281511306762695,0.9906576656922377,0.23268748531225625,0.7888177095378748
"(3, 0.05, 1e-05)",3,0.05,1e-05,2048,0.015634000301361084,1.0092596621363394,0.12969551208040384,0.792137993381258
"(3, 0.05, 5e-05)",3,0.05,5e-05,10,0.016849398612976074,0.9846476054104831,0.24684000286308982,0.8518911024178135
"(3, 0.05, 5e-05)",3,0.05,5e-05,30,0.017667651176452637,0.9938225458663708,0.16136625762204038,0.7927575948387442
"(3, 0.05, 5e-05)",3,0.05,5e-05,45,0.016524076461791992,1.0022191603745545,0.19267417547162854,0.8374322655439042
"(3, 0.05, 5e-05)",3,0.05,5e-05,99,0.012398481369018555,0.9908958088206453,0.20251330105858026,0.7888066338485332
"(3, 0.05, 5e-05)",3,0.05,5e-05,2048,0.015690386295318604,1.0063978141246064,0.1222803147271724,0.7921309661706336
"(3, 0.05, 0.0001)",3,0.05,0.0001,10,0.016935884952545166,0.9863463355512522,0.22736442014277566,0.8519045088152821
"(3, 0.05, 0.0001)",3,0.05,0.0001,30,0.017746150493621826,1.012314921167623,0.13575032043231705,0.7927558955000513
"(3, 0.05, 0.0001)",3,0.05,0.0001,45,0.01659029722213745,1.0008504600695824,0.17664165622485817,0.8374383546768451
"(3, 0.05, 0.0001)",3,0.05,0.0001,99,0.010083138942718506,1.0077134020659753,0.16768974171434234,0.7888395570915974
"(3, 0.05, 0.0001)",3,0.05,0.0001,2048,0.015777647495269775,1.0081306839315887,0.11220494812900185,0.7921871707184386
"(3, 0.05, 0.0005)",3,0.05,0.0005,10,0.01908010244369507,0.9755466528332661,0.11324576019421433,0.8536964335897776
"(3, 0.05, 0.0005)",3,0.05,0.0005,30,0.018249034881591797,1.0264942639822903,0.03581976928082785,0.8117228674426211
"(3, 0.05, 0.0005)",3,0.05,0.0005,45,0.015594661235809326,0.9913468532818738,0.14761183765272057,0.8816167761629679
"(3, 0.05, 0.0005)",3,0.05,0.0005,99,0.01935511827468872,1.008638873105224,0.07586814843467708,0.8352638169148668
"(3, 0.05, 0.0005)",3,0.05,0.0005,2048,0.018711984157562256,0.9923671690891449,0.08108236308659307,0.8501987499048484
"(3, 0.1, 1e-06)",3,0.1,1e-06,10,0.010741055011749268,0.718772303249871,0.7366766104678077,0.38782809937660934
"(3, 0.1, 1e-06)",3,0.1,1e-06,30,0.012589037418365479,0.7165002890289153,0.7143604276407166,0.5643003499036532
"(3, 0.1, 1e-06)",3,0.1,1e-06,45,0.016708672046661377,0.6827578954896241,0.7035268088439756,0.6991314807716082
"(3, 0.1, 1e-06)",3,0.1,1e-06,99,0.012364506721496582,0.982256692238834,0.6381240262492667,0.7763640445773624
"(3, 0.1, 1e-06)",3,0.1,1e-06,2048,0.010594010353088379,0.726260501888685,0.6935068688811804,0.5945583095447897
"(3, 0.1, 1e-05)",3,0.1,1e-05,10,0.010523557662963867,1.0010265827557343,0.6209212399766143,0.7842641352152498
"(3, 0.1, 1e-05)",3,0.1,1e-05,30,0.016236722469329834,1.0040767997592754,0.40010058862661335,0.8190489566347486
"(3, 0.1, 1e-05)",3,0.1,1e-05,45,0.01647895574569702,1.007822182226653,0.20697790378325054,0.8378759884267809
"(3, 0.1, 1e-05)",3,0.1,1e-05,99,0.014295518398284912,0.9923446322153002,0.23265472422935335,0.7887946710185036
"(3, 0.1, 1e-05)",3,0.1,1e-05,2048,0.01562356948852539,0.9952488368754369,0.13063219350625901,0.7925971298494169
"(3, 0.1, 5e-05)",3,0.1,5e-05,10,0.01684039831161499,0.9822199054344083,0.24813091524155434,0.8522866070356349
"(3, 0.1, 5e-05)",3,0.1,5e-05,30,0.01773965358734131,0.9986437092507195,0.16147921538655,0.7927850912863158
"(3, 0.1, 5e-05)",3,0.1,5e-05,45,0.01653110980987549,1.0010656409325478,0.19436940564755079,0.8378411211757947
"(3, 0.1, 5e-05)",3,0.1,5e-05,99,0.012442231178283691,0.9954121779957024,0.20241013970976188,0.788812869829671
"(3, 0.1, 5e-05)",3,0.1,5e-05,2048,0.015665173530578613,1.0002543545778015,0.1231808268218292,0.7925952643393537
"(3, 0.1, 0.0001)",3,0.1,0.0001,10,0.01692497730255127,0.9910505034502907,0.22838615715089428,0.8522963084892473
"(3, 0.1, 0.0001)",3,0.1,0.0001,30,0.017894208431243896,1.0028101847162711,0.13577273374089036,0.7927856303433615
"(3, 0.1, 0.0001)",3,0.1,0.0001,45,0.0165976881980896,1.0088688122105003,0.1779820643128024,0.8378734676940351
"(3, 0.1, 0.0001)",3,0.1,0.0001,99,0.010114848613739014,1.0039347089044666,0.16767266583144433,0.7887801584016675
"(3, 0.1, 0.0001)",3,0.1,0.0001,2048,0.015748262405395508,1.0070811231226144,0.11292320223998226,0.7925926914752964
"(3, 0.1, 0.0005)",3,0.1,0.0005,10,0.019057273864746094,0.9859272639355272,0.11393910939862201,0.8540737982891616
"(3, 0.1, 0.0005)",3,0.1,0.0005,30,0.018259882926940918,1.032050119076819,0.03553687872369808,0.811743798296991
"(3, 0.1, 0.0005)",3,0.1,0.0005,45,0.015600502490997314,1.002401335398554,0.14817422638957725,0.8820905905681923
"(3, 0.1, 0.0005)",3,0.1,0.0005,99,0.019371867179870605,1.0108066686848869,0.07594769993456901,0.8352924455811942
"(3, 0.1, 0.0005)",3,0.1,0.0005,2048,0.018702685832977295,0.9854483314164089,0.08170920776781437,0.8506311446084629
"(5, 0.001, 1e-06)",5,0.001,1e-06,10,0.01658111810684204,0.7456487684864488,0.6289470780781513,0.627392547444654
"(5, 0.001, 1e-06)",5,0.001,1e-06,30,0.0167769193649292,0.8696102885026571,0.6633315541911214,0.5135929833362637
"(5, 0.001, 1e-06)",5,0.001,1e-06,45,0.01197141408920288,0.8599109259545324,0.6941221268592721,0.30731035594143097
"(5, 0.001, 1e-06)",5,0.001,1e-06,99,0.013693571090698242,0.7788999480831413,0.5394214839182375,0.36948976488586593
"(5, 0.001, 1e-06)",5,0.001,1e-06,2048,0.016328036785125732,0.6289173531289026,0.5519675310845611,0.43546217902010054
"(5, 0.001, 1e-05)",5,0.001,1e-05,10,0.01196432113647461,0.8888666121056072,0.7054357686963271,0.8652700436119002
"(5, 0.001, 1e-05)",5,0.001,1e-05,30,0.01694345474243164,1.0097928234089295,0.10224157344744063,0.3790071805553463
"(5, 0.001, 1e-05)",5,0.001,1e-05,45,0.016068875789642334,0.9663463872608448,0.22248371713531634,0.7584057029268485
"(5, 0.001, 1e-05)",5,0.001,1e-05,99,0.01387321949005127,0.9064420574781499,0.16703363779436597,0.34348868431453705
"(5, 0.001, 1e-05)",5,0.001,1e-05,2048,0.015672266483306885,0.9481136228702387,0.13738769891140187,0.3594447259950212
"(5, 0.001, 5e-05)",5,0.001,5e-05,10,0.018105506896972656,0.9819476091913187,0.20229790214853036,0.8519753056587046
"(5, 0.001, 5e-05)",5,0.001,5e-05,30,0.019134998321533203,1.1182616686918327,0.23939860047125494,0.853373410480103
"(5, 0.001, 5e-05)",5,0.001,5e-05,45,0.015742897987365723,0.9631507077609448,0.18698425605939148,0.7581086636675219
"(5, 0.001, 5e-05)",5,0.001,5e-05,99,0.01702672243118286,1.0760168713870433,0.14086681429817918,0.7565051739676597
"(5, 0.001, 5e-05)",5,0.001,5e-05,2048,0.01885324716567993,1.0369139333642494,0.10977372462545537,0.6837872809464244
"(5, 0.001, 0.0001)",5,0.001,0.0001,10,0.018019914627075195,0.9784420625341923,0.16799259710519462,0.851952497447113
"(5, 0.001, 0.0001)",5,0.001,0.0001,30,0.016807913780212402,0.7558686071525234,0.9162949918323084,0.9983212280807835
"(5, 0.001, 0.0001)",5,0.001,0.0001,45,0.015460848808288574,0.9468487064661921,0.1495153131409768,0.7576906686273122
"(5, 0.001, 0.0001)",5,0.001,0.0001,99,0.017427027225494385,1.0781450356971223,0.12434140054232069,0.7563987883851477
"(5, 0.001, 0.0001)",5,0.001,0.0001,2048,0.01849079132080078,1.0157674792532954,0.1004768976995314,0.6836473859781561
"(5, 0.001, 0.0005)",5,0.001,0.0005,10,0.01986372470855713,0.8477499277455381,0.5554220747483144,0.9851408360328265
"(5, 0.001, 0.0005)",5,0.001,0.0005,30,0.01997584104537964,0.7889916712571701,0.42474849690052574,0.9786708090438023
"(5, 0.001, 0.0005)",5,0.001,0.0005,45,0.018714189529418945,1.0004590800061066,0.09448929498744861,0.8430982417238275
"(5, 0.001, 0.0005)",5,0.001,0.0005,99,0.020380079746246338,0.9498742794824301,0.7857768055003185,0.9919336282230733
"(5, 0.001, 0.0005)",5,0.001,0.0005,2048,0.018438518047332764,1.0469090983089204,0.04774020200403189,0.7252770872621702
"(5, 0.005, 1e-06)",5,0.005,1e-06,10,0.01676565408706665,0.8121210399636546,0.7097822135254217,0.6966967932684169
"(5, 0.005, 1e-06)",5,0.005,1e-06,30,0.017975926399230957,0.8196225398110784,0.6814725218439359,0.524285734409684
"(5, 0.005, 1e-06)",5,0.005,1e-06,45,0.008839428424835205,0.9308027979976242,0.7011386498226639,0.3561824804230861
"(5, 0.005, 1e-06)",5,0.005,1e-06,99,0.014770448207855225,0.7992044902446324,0.6084451055438653,0.4567247097384332
"(5, 0.005, 1e-06)",5,0.005,1e-06,2048,0.018091678619384766,0.6366443319115704,0.9881044693514645,0.9801424001986272
"(5, 0.005, 1e-05)",5,0.005,1e-05,10,0.012531161308288574,1.0715647669284198,0.4946522910377786,0.7866670331179052
"(5, 0.005, 1e-05)",5,0.005,1e-05,30,0.01671963930130005,1.0820307548766115,0.3979429834565094,0.8274214551410676
"(5, 0.005, 1e-05)",5,0.005,1e-05,45,0.01625925302505493,1.0439188809850342,0.24774816994561677,0.8057530939455065
"(5, 0.005, 1e-05)",5,0.005,1e-05,99,0.014613986015319824,1.0773484234104995,0.17157618589757082,0.4341393286551424
"(5, 0.005, 1e-05)",5,0.005,1e-05,2048,0.015153169631958008,1.0620808555169645,0.407021952316432,0.7751649917037556
"(5, 0.005, 5e-05)",5,0.005,5e-05,10,0.01771390438079834,0.9400344662663976,0.2831446054581162,0.8962045373256864
"(5, 0.005, 5e-05)",5,0.005,5e-05,30,0.01834005117416382,1.0765136911122741,0.18880142739960182,0.8273954501351083
"(5, 0.005, 5e-05)",5,0.005,5e-05,45,0.01577436923980713,1.0496389515524012,0.21521716392094056,0.8057203270254132
"(5, 0.005, 5e-05)",5,0.005,5e-05,99,0.015733540058135986,1.1162912407407746,0.19052987152453169,0.8231981863945984
"(5, 0.005, 5e-05)",5,0.005,5e-05,2048,0.018824636936187744,1.0413009975300451,0.16776846314949717,0.8433401039591536
"(5, 0.005, 0.0001)",5,0.005,0.0001,10,0.018290162086486816,0.949158313640572,0.22947866946958556,0.8961682946361627
"(5, 0.005, 0.0001)",5,0.005,0.0001,30,0.018416941165924072,1.0653124458147483,0.15144148107282432,0.8273457393653996
"(5, 0.005, 0.0001)",5,0.005,0.0001,45,0.015276491641998291,1.0440966620757453,0.17532662243127026,0.8056474071775612
"(5, 0.005, 0.0001)",5,0.005,0.0001,99,0.016332626342773438,1.1144751093476226,0.16997396923152802,0.8231818483192676
"(5, 0.005, 0.0001)",5,0.005,0.0001,2048,0.018752694129943848,1.0469910095098192,0.15474715933501115,0.8433690949984123
"(5, 0.005, 0.0005)",5,0.005,0.0005,10,0.019413352012634277,0.953848461514947,0.15752981049748932,0.8981151803505399
"(5, 0.005, 0.0005)",5,0.005,0.0005,30,0.018835902214050293,1.0453012951287735,0.06185904437091021,0.8672973330165158
"(5, 0.005, 0.0005)",5,0.005,0.0005,45,0.017003953456878662,1.0932895388426502,0.08597319340946971,0.8135032400017366
"(5, 0.005, 0.0005)",5,0.005,0.0005,99,0.020011544227600098,1.075857262413404,0.07237924490952574,0.8396079815704323
"(5, 0.005, 0.0005)",5,0.005,0.0005,2048,0.019401609897613525,1.06682519633691,0.08244511631014174,0.8293281353792663
"(5, 0.01, 1e-06)",5,0.01,1e-06,10,0.017155766487121582,0.8289593363577388,0.7289826998464318,0.7018444627350908
"(5, 0.01, 1e-06)",5,0.01,1e-06,30,0.016795456409454346,0.8736592688856001,0.673291467013674,0.5363331225050385
"(5, 0.01, 1e-06)",5,0.01,1e-06,45,0.008228421211242676,0.9456681213507095,0.7044963398419506,0.3604367717929741
"(5, 0.01, 1e-06)",5,0.01,1e-06,99,0.014654099941253662,0.8186356682644917,0.6138622881779795,0.4650971337288897
"(5, 0.01, 1e-06)",5,0.01,1e-06,2048,0.01333916187286377,0.612356949622681,0.9125197965144867,0.9275595280921503
"(5, 0.01, 1e-05)",5,0.01,1e-05,10,0.014806568622589111,1.1194978705275824,0.43163518767870374,0.7457596931134368
"(5, 0.01, 1e-05)",5,0.01,1e-05,30,0.016226351261138916,1.0866257678312412,0.39646025710537364,0.8284196983235318
"(5, 0.01, 1e-05)",5,0.01,1e-05,45,0.01636725664138794,1.0711218944652328,0.25574974726638006,0.8093776190380506
"(5, 0.01, 1e-05)",5,0.01,1e-05,99,0.014063060283660889,1.0849690930439502,0.1752520227637312,0.44284948788992307
"(5, 0.01, 1e-05)",5,0.01,1e-05,2048,0.017674386501312256,0.6698104848466161,0.5597390283766598,0.8353947115201488
"(5, 0.01, 5e-05)",5,0.01,5e-05,10,0.017653286457061768,0.954820491103692,0.2987734161763718,0.8991149677470509
"(5, 0.01, 5e-05)",5,0.01,5e-05,30,0.01840919256210327,1.120329426827897,0.1893333825169969,0.8283890364350042
"(5, 0.01, 5e-05)",5,0.01,5e-05,45,0.015947818756103516,1.0704719500912434,0.2238933759847964,0.8093262444002551
"(5, 0.01, 5e-05)",5,0.01,5e-05,99,0.016008079051971436,1.0803157228289335,0.20386692217332328,0.8317730205160345
"(5, 0.01, 5e-05)",5,0.01,5e-05,2048,0.019075393676757812,1.033019255527636,0.19845177183700413,0.861007016626741
"(5, 0.01, 0.0001)",5,0.01,0.0001,10,0.01829475164413452,0.9622570544061849,0.24237340687045864,0.8991765085796399
"(5, 0.01, 0.0001)",5,0.01,0.0001,30,0.018212556838989258,1.1024591174156297,0.15224002087127253,0.8283694149699532
"(5, 0.01, 0.0001)",5,0.01,0.0001,45,0.015440940856933594,1.067625306363478,0.18327083708585068,0.8092951116636375
"(5, 0.01, 0.0001)",5,0.01,0.0001,99,0.016765594482421875,1.0687202574974783,0.18238529697552738,0.8317900233781721
"(5, 0.01, 0.0001)",5,0.01,0.0001,2048,0.019091784954071045,1.018007049236513,0.1835166269136565,0.8610658321239965
"(5, 0.01, 0.0005)",5,0.01,0.0005,10,0.019383907318115234,0.9618083689422214,0.16738270874903433,0.9011011510044491
"(5, 0.01, 0.0005)",5,0.01,0.0005,30,0.018819570541381836,1.0381209505002187,0.060894922374931465,0.8679682958689323
"(5, 0.01, 0.0005)",5,0.01,0.0005,45,0.017308354377746582,1.0996816708530759,0.08814050729213287,0.8173561624808398
"(5, 0.01, 0.0005)",5,0.01,0.0005,99,0.02002584934234619,1.0800446197613964,0.07993369824461148,0.8466072175587027
"(5, 0.01, 0.0005)",5,0.01,0.0005,2048,0.019585013389587402,1.0721352428542696,0.09559163281636661,0.8477987047563648
"(5, 0.05, 1e-06)",5,0.05,1e-06,10,0.016220033168792725,0.834169477556933,0.7305351038850296,0.7046626367476062
"(5, 0.05, 1e-06)",5,0.05,1e-06,30,0.01842445135116577,0.8266864549470283,0.6787836424359003,0.5294811552612456
"(5, 0.05, 1e-06)",5,0.05,1e-06,45,0.008473634719848633,0.968285400842315,0.7098341474776777,0.36206454000883903
"(5, 0.05, 1e-06)",5,0.05,1e-06,99,0.015015959739685059,0.7975652015722029,0.6279937360192203,0.4685725297951517
"(5, 0.05, 1e-06)",5,0.05,1e-06,2048,0.017940163612365723,0.8103124418771365,0.6602496379493038,0.6730232259049643
"(5, 0.05, 1e-05)",5,0.05,1e-05,10,0.015600740909576416,1.1291783433246312,0.4295480504871606,0.7488250407420806
"(5, 0.05, 1e-05)",5,0.05,1e-05,30,0.01624661684036255,1.0650116313675535,0.3933664881856724,0.8290709594052988
"(5, 0.05, 1e-05)",5,0.05,1e-05,45,0.01648610830307007,1.0892391160291168,0.2599116139659653,0.8119682636498002
"(5, 0.05, 1e-05)",5,0.05,1e-05,99,0.014016866683959961,1.136261311415192,0.18581949753306484,0.445802745984587
"(5, 0.05, 1e-05)",5,0.05,1e-05,2048,0.01720815896987915,0.7371139803588221,0.5474602825120508,0.8058746515945523
"(5, 0.05, 5e-05)",5,0.05,5e-05,10,0.01772475242614746,0.9789385769960114,0.3031345320737968,0.9014590736500027
"(5, 0.05, 5e-05)",5,0.05,5e-05,30,0.01855909824371338,1.1293262739307428,0.18870609189344614,0.8290616676353124
"(5, 0.05, 5e-05)",5,0.05,5e-05,45,0.01596587896347046,1.0828004703094096,0.22659041460542192,0.8119782270468207
"(5, 0.05, 5e-05)",5,0.05,5e-05,99,0.016090750694274902,1.0525684290231379,0.21726120118902087,0.8356967288038648
"(5, 0.05, 5e-05)",5,0.05,5e-05,2048,0.017581403255462646,0.8255278816333534,0.8023300026693836,0.9659625931289181
"(5, 0.05, 0.0001)",5,0.05,0.0001,10,0.018348634243011475,0.974167493603768,0.24726691776833176,0.901482180878134
"(5, 0.05, 0.0001)",5,0.05,0.0001,30,0.018572866916656494,1.1235360743661853,0.15177676848463612,0.8290792990676683
"(5, 0.05, 0.0001)",5,0.05,0.0001,45,0.015541374683380127,1.0903089661285663,0.1865330803404676,0.8119321430741427
"(5, 0.05, 0.0001)",5,0.05,0.0001,99,0.016703546047210693,1.0477125985475728,0.19745884381488488,0.8356760492425337
"(5, 0.05, 0.0001)",5,0.05,0.0001,2048,0.019029200077056885,1.0324800378525176,0.20341166703407543,0.8763097885760778
"(5, 0.05, 0.0005)",5,0.05,0.0005,10,0.019317150115966797,0.9782701867111692,0.17154032885120357,0.9033885880601326
"(5, 0.05, 0.0005)",5,0.05,0.0005,30,0.019283175468444824,1.12989753413247,0.05319102811958385,0.8401440498760363
"(5, 0.05, 0.0005)",5,0.05,0.0005,45,0.017449796199798584,1.0961313509891875,0.09027688871293622,0.8201990923544858
"(5, 0.05, 0.0005)",5,0.05,0.0005,99,0.019976317882537842,1.1051867732237863,0.08826169424409708,0.8508192198941402
"(5, 0.05, 0.0005)",5,0.05,0.0005,2048,0.019633889198303223,1.0570527137359278,0.11071524976400726,0.8620634209269407
"(5, 0.1, 1e-06)",5,0.1,1e-06,10,0.017618656158447266,0.8256035471115879,0.738696572026729,0.7059189474576351
"(5, 0.1, 1e-06)",5,0.1,1e-06,30,0.01709800958633423,0.8702159963203556,0.6712121324921159,0.5394512148903724
"(5, 0.1, 1e-06)",5,0.1,1e-06,45,0.008837521076202393,0.9685989322855277,0.7124896375833658,0.3633029299063818
"(5, 0.1, 1e-06)",5,0.1,1e-06,99,0.014836311340332031,0.7953061617053773,0.6232887502638439,0.4702292613147537
"(5, 0.1, 1e-06)",5,0.1,1e-06,2048,0.017896533012390137,0.8148920794911481,0.6562969930650785,0.6641275058373605
"(5, 0.1, 1e-05)",5,0.1,1e-05,10,0.014953434467315674,1.1190045525842094,0.43212791609317497,0.7501242274571057
"(5, 0.1, 1e-05)",5,0.1,1e-05,30,0.01614624261856079,1.076036883274156,0.3933728863961047,0.8292995552476902
"(5, 0.1, 1e-05)",5,0.1,1e-05,45,0.016420185565948486,1.0889016066780377,0.26150700469068594,0.8128542833251267
"(5, 0.1, 1e-05)",5,0.1,1e-05,99,0.01399695873260498,1.128560935283859,0.18682770342941182,0.4476777112853158
"(5, 0.1, 1e-05)",5,0.1,1e-05,2048,0.01671808958053589,0.6711166267777394,0.5245737209047978,0.8101740331705053
"(5, 0.1, 5e-05)",5,0.1,5e-05,10,0.017626404762268066,0.9792512063751693,0.30913791111035094,0.9022174721736801
"(5, 0.1, 5e-05)",5,0.1,5e-05,30,0.01856529712677002,1.116125842455584,0.18934362290536283,0.8292863544783011
"(5, 0.1, 5e-05)",5,0.1,5e-05,45,0.016006410121917725,1.09004468599136,0.2279574076899257,0.8128421046928705
"(5, 0.1, 5e-05)",5,0.1,5e-05,99,0.015873312950134277,1.0614606494591587,0.2225469855975538,0.8368458924119107
"(5, 0.1, 5e-05)",5,0.1,5e-05,2048,0.017203330993652344,0.7997785651549346,0.8205758749043169,0.9688037463181043
"(5, 0.1, 0.0001)",5,0.1,0.0001,10,0.018246173858642578,0.9737091788656722,0.2503235356099698,0.9022288678426356
"(5, 0.1, 0.0001)",5,0.1,0.0001,30,0.018642008304595947,1.113581707419314,0.15152341821139712,0.8293184164973583
"(5, 0.1, 0.0001)",5,0.1,0.0001,45,0.015526890754699707,1.0933631326388933,0.18736231835503578,0.8128118313684697
"(5, 0.1, 0.0001)",5,0.1,0.0001,99,0.01662576198577881,1.0592650613622097,0.19970999018167856,0.8368366475345769
"(5, 0.1, 0.0001)",5,0.1,0.0001,2048,0.017935514450073242,0.8122954346575321,0.8237218718770898,0.9687820792087446
"(5, 0.1, 0.0005)",5,0.1,0.0005,10,0.01932966709136963,0.9660070183656698,0.1746979020105599,0.9041180983607203
"(5, 0.1, 0.0005)",5,0.1,0.0005,30,0.018826603889465332,1.04617582141377,0.06186270510953109,0.8686150689055612
"(5, 0.1, 0.0005)",5,0.1,0.0005,45,0.017465293407440186,1.0865426391084474,0.09070753849265957,0.8210796625501043
"(5, 0.1, 0.0005)",5,0.1,0.0005,99,0.019980251789093018,1.1100561543655916,0.08908757001949118,0.8519755668996146
"(5, 0.1, 0.0005)",5,0.1,0.0005,2048,0.01808720827102661,1.0911516328571014,0.08304294513209821,0.8142499846505185
"(8, 0.001, 1e-06)",8,0.001,1e-06,10,0.015529394149780273,0.896787290094565,0.5891138410123747,0.7681519287616243
"(8, 0.001, 1e-06)",8,0.001,1e-06,30,0.007210373878479004,0.9638508073787604,0.41331811677665187,0.5576713552119003
"(8, 0.001, 1e-06)",8,0.001,1e-06,45,0.010012149810791016,0.9461340127420614,0.39161449743194965,0.41811653995478526
"(8, 0.001, 1e-06)",8,0.001,1e-06,99,0.015807628631591797,0.8834107023138916,0.5250407631880821,0.5792824998605964
"(8, 0.001, 1e-06)",8,0.001,1e-06,2048,0.015215754508972168,0.9235499615079537,0.4338943062216522,0.5303395343315097
"(8, 0.001, 1e-05)",8,0.001,1e-05,10,0.015420138835906982,0.8066216287564969,0.34157176967960406,0.7668313587747956
"(8, 0.001, 1e-05)",8,0.001,1e-05,30,0.00900256633758545,0.9258153386644677,0.16457989510164275,0.4355301090128125
"(8, 0.001, 1e-05)",8,0.001,1e-05,45,0.01102226972579956,0.8119624969218732,0.3644900472466404,0.7160780079815986
"(8, 0.001, 1e-05)",8,0.001,1e-05,99,0.018590807914733887,0.8523609390298155,0.30075514161798733,0.632600254335604
"(8, 0.001, 1e-05)",8,0.001,1e-05,2048,0.01710498332977295,0.8898437109516408,0.23255783349286308,0.6302251791471695
"(8, 0.001, 5e-05)",8,0.001,5e-05,10,0.016704022884368896,1.0693208807356185,0.07043561459246449,0.7651865283964537
"(8, 0.001, 5e-05)",8,0.001,5e-05,30,0.019549250602722168,1.2223946356346704,0.06044331622750905,0.725850902986764
"(8, 0.001, 5e-05)",8,0.001,5e-05,45,0.017680227756500244,0.9958480922021329,0.0883104726145294,0.7949697264511166
"(8, 0.001, 5e-05)",8,0.001,5e-05,99,0.018849670886993408,0.6974602659302954,0.18338009108561,0.9144408985784086
"(8, 0.001, 5e-05)",8,0.001,5e-05,2048,0.015200257301330566,1.1691373605824236,0.08741988859413256,0.7985757356768494
"(8, 0.001, 0.0001)",8,0.001,0.0001,10,0.016966938972473145,1.094298833909458,0.055368200024472146,0.7648453503104435
"(8, 0.001, 0.0001)",8,0.001,0.0001,30,0.01939314603805542,1.2080740794632714,0.053039856046978896,0.7258748819919119
"(8, 0.001, 0.0001)",8,0.001,0.0001,45,0.01794832944869995,1.0029409818958188,0.07848811039293217,0.794961238990374
"(8, 0.001, 0.0001)",8,0.001,0.0001,99,0.020216047763824463,1.075900122342221,0.0883123395475892,0.8201384862796605
"(8, 0.001, 0.0001)",8,0.001,0.0001,2048,0.014987647533416748,1.1994110628506789,0.07513951729463014,0.7984757577883158
"(8, 0.001, 0.0005)",8,0.001,0.0005,10,0.020164430141448975,0.9328354713739669,0.7090220087148484,0.9962346586807855
"(8, 0.001, 0.0005)",8,0.001,0.0005,30,0.020443379878997803,0.8950059867093327,0.03930387027370493,0.8834620135283896
"(8, 0.001, 0.0005)",8,0.001,0.0005,45,0.018685460090637207,1.0240590487353878,0.8358398729908793,1.0001369726194345
"(8, 0.001, 0.0005)",8,0.001,0.0005,99,0.019744277000427246,0.7707599409282672,0.05352796916957083,0.9169104304238636
"(8, 0.001, 0.0005)",8,0.001,0.0005,2048,0.020135223865509033,0.8837860229712523,0.249110064413446,0.9667033252995277
"(8, 0.005, 1e-06)",8,0.005,1e-06,10,0.013472318649291992,0.8910432662382883,0.7691762874603061,0.8648634571541197
"(8, 0.005, 1e-06)",8,0.005,1e-06,30,0.011693179607391357,0.942373208771241,0.52907865009302,0.7279284260713713
"(8, 0.005, 1e-06)",8,0.005,1e-06,45,0.016263306140899658,0.9495639194239085,0.5402360173149556,0.5685894643860315
"(8, 0.005, 1e-06)",8,0.005,1e-06,99,0.010786652565002441,0.8817798901889737,0.7145929074130458,0.7906948559121771
"(8, 0.005, 1e-06)",8,0.005,1e-06,2048,0.015488684177398682,0.9708062030513129,0.4812191019281073,0.5084007139418275
"(8, 0.005, 1e-05)",8,0.005,1e-05,10,0.0134047269821167,0.7041722295667892,0.6177273089144362,0.8975607087387247
"(8, 0.005, 1e-05)",8,0.005,1e-05,30,0.01762288808822632,1.037894901154946,0.21500822982390239,0.6550104855667591
"(8, 0.005, 1e-05)",8,0.005,1e-05,45,0.010745882987976074,0.750594800058118,0.4870329610586076,0.8182363824193376
"(8, 0.005, 1e-05)",8,0.005,1e-05,99,0.016679763793945312,0.656343256726415,0.4558916116378921,0.8618088659240232
"(8, 0.005, 1e-05)",8,0.005,1e-05,2048,0.017465591430664062,0.7659363528463298,0.38040651267374,0.7376521182794658
"(8, 0.005, 5e-05)",8,0.005,5e-05,10,0.015226304531097412,1.0314011106113685,0.6783535334005789,0.9556315633448604
"(8, 0.005, 5e-05)",8,0.005,5e-05,30,0.01843315362930298,0.863822069703183,0.34845451082803286,0.9263682762987928
"(8, 0.005, 5e-05)",8,0.005,5e-05,45,0.017877399921417236,1.0232274632084277,0.3936032720416283,0.9445205188762387
"(8, 0.005, 5e-05)",8,0.005,5e-05,99,0.01868736743927002,1.0881308434281372,0.1322393557193951,0.8944579225801822
"(8, 0.005, 5e-05)",8,0.005,5e-05,2048,0.01650625467300415,1.058402814064508,0.3411550990263161,0.9156039061725953
"(8, 0.005, 0.0001)",8,0.005,0.0001,10,0.0165749192237854,1.036788561357176,0.4768555588023136,0.9445764666493803
"(8, 0.005, 0.0001)",8,0.005,0.0001,30,0.01863342523574829,1.0246713734245134,0.17043146610666915,0.8900193309803007
"(8, 0.005, 0.0001)",8,0.005,0.0001,45,0.017848074436187744,0.9873906306490067,0.3565636446261357,0.9445510282282614
"(8, 0.005, 0.0001)",8,0.005,0.0001,99,0.01843947172164917,1.086842818836643,0.11430739751680015,0.8945047663813914
"(8, 0.005, 0.0001)",8,0.005,0.0001,2048,0.017134785652160645,1.059874243559858,0.31016918084024775,0.915683107743918
"(8, 0.005, 0.0005)",8,0.005,0.0005,10,0.017814695835113525,1.1213291047139144,0.38473474094459936,0.9571379096358065
"(8, 0.005, 0.0005)",8,0.005,0.0005,30,0.018341124057769775,1.0182566707770793,0.08244207388181715,0.8899802037071347
"(8, 0.005, 0.0005)",8,0.005,0.0005,45,0.018431484699249268,0.7320660872542869,0.720307781511887,0.985834297187122
"(8, 0.005, 0.0005)",8,0.005,0.0005,99,0.01856750249862671,0.7944968762310283,0.19338915413655516,0.9519173900231166
"(8, 0.005, 0.0005)",8,0.005,0.0005,2048,0.01927095651626587,0.9568610089094838,0.8507010674419486,0.9839653918343202
"(8, 0.01, 1e-06)",8,0.01,1e-06,10,0.012883543968200684,0.7942519451022195,0.627496310673427,0.6715336812940605
"(8, 0.01, 1e-06)",8,0.01,1e-06,30,0.013519763946533203,0.8719297532282616,0.5947188842976775,0.7555722022072444
"(8, 0.01, 1e-06)",8,0.01,1e-06,45,0.014923095703125,0.9028389090896058,0.5595222368142149,0.5801119594715481
"(8, 0.01, 1e-06)",8,0.01,1e-06,99,0.01045149564743042,0.7837585385169585,0.693249669852338,0.81772095775128
"(8, 0.01, 1e-06)",8,0.01,1e-06,2048,0.009676218032836914,0.7963418514409206,0.7807421310912671,0.8018350922489296
"(8, 0.01, 1e-05)",8,0.01,1e-05,10,0.015295863151550293,0.76588216079839,0.5687945608543488,0.875436441520396
"(8, 0.01, 1e-05)",8,0.01,1e-05,30,0.017836928367614746,0.9149704645307544,0.2459419257804697,0.637334878618622
"(8, 0.01, 1e-05)",8,0.01,1e-05,45,0.014298617839813232,0.7004370055041724,0.48643850918459003,0.7589747109797652
"(8, 0.01, 1e-05)",8,0.01,1e-05,99,0.016429245471954346,0.694597272741226,0.46507182976067307,0.8811196342932812
"(8, 0.01, 1e-05)",8,0.01,1e-05,2048,0.017763137817382812,0.7690802031520422,0.412886110406339,0.7565017521500984
"(8, 0.01, 5e-05)",8,0.01,5e-05,10,0.0163537859916687,0.85463234273032,0.7573708833746556,0.9652680340285745
"(8, 0.01, 5e-05)",8,0.01,5e-05,30,0.01914757490158081,1.1673333601274096,0.05945198199542899,0.6932331063822216
"(8, 0.01, 5e-05)",8,0.01,5e-05,45,0.017958998680114746,0.9928090484641092,0.42114374340982824,0.9477358392489458
"(8, 0.01, 5e-05)",8,0.01,5e-05,99,0.018303632736206055,0.9809031590308379,0.27944487190744516,0.9279145669283964
"(8, 0.01, 5e-05)",8,0.01,5e-05,2048,0.016984403133392334,1.0274117853138658,0.41234465797600595,0.92616674203067
"(8, 0.01, 0.0001)",8,0.01,0.0001,10,0.01795297861099243,0.9849543543906542,0.5653308073669804,0.9534390974376035
"(8, 0.01, 0.0001)",8,0.01,0.0001,30,0.019115209579467773,1.1396353521000084,0.0516912805984167,0.6932624165708376
"(8, 0.01, 0.0001)",8,0.01,0.0001,45,0.017911016941070557,0.9757573118468139,0.3874568745349723,0.9477238010462143
"(8, 0.01, 0.0001)",8,0.01,0.0001,99,0.018704652786254883,0.799153107278244,0.31532579984875814,0.9451127106624289
"(8, 0.01, 0.0001)",8,0.01,0.0001,2048,0.017457127571105957,1.0409541517003826,0.3799666862713633,0.9261645251960544
"(8, 0.01, 0.0005)",8,0.01,0.0005,10,0.019078433513641357,0.8962408700686879,0.4854683554530353,0.966857829512576
"(8, 0.01, 0.0005)",8,0.01,0.0005,30,0.017346203327178955,1.092802102626075,0.11299711560026517,0.9103373027459906
"(8, 0.01, 0.0005)",8,0.01,0.0005,45,0.01842653751373291,0.7140410327417592,0.7546127983553128,0.9883842764412986
"(8, 0.01, 0.0005)",8,0.01,0.0005,99,0.0186387300491333,0.7722452992467993,0.3343832209765935,0.96464098825924
"(8, 0.01, 0.0005)",8,0.01,0.0005,2048,0.019884467124938965,1.0510120726556498,0.516500205205421,0.9636447177177985
"(8, 0.05, 1e-06)",8,0.05,1e-06,10,0.012736737728118896,0.7510579673534872,0.6334515937648815,0.6795867520870114
"(8, 0.05, 1e-06)",8,0.05,1e-06,30,0.014143943786621094,0.7495581028956322,0.6751462587308694,0.7727430609387131
"(8, 0.05, 1e-06)",8,0.05,1e-06,45,0.015049874782562256,0.8985134499508514,0.5464165537446825,0.584417775460476
"(8, 0.05, 1e-06)",8,0.05,1e-06,99,0.012488782405853271,0.8530085908956307,0.7490565536984403,0.834977023471184
"(8, 0.05, 1e-06)",8,0.05,1e-06,2048,0.015133261680603027,0.8508346796308672,0.6356872030058794,0.617096047076348
"(8, 0.05, 1e-05)",8,0.05,1e-05,10,0.014925658702850342,0.7457179505025829,0.5502504646823029,0.8829754310887754
"(8, 0.05, 1e-05)",8,0.05,1e-05,30,0.016676008701324463,0.7339637295541093,0.3572841028175444,0.6576516913334992
"(8, 0.05, 1e-05)",8,0.05,1e-05,45,0.01491689682006836,0.719123005373771,0.47152091118571343,0.7634788011208425
"(8, 0.05, 1e-05)",8,0.05,1e-05,99,0.015879809856414795,0.7108931397522019,0.5402119547090901,0.8915333596039927
"(8, 0.05, 1e-05)",8,0.05,1e-05,2048,0.017182528972625732,0.7761537629180579,0.43737160423445315,0.7686528434395836
"(8, 0.05, 5e-05)",8,0.05,5e-05,10,0.015647709369659424,0.7964464882455555,0.7832667681352775,0.9714006594407898
"(8, 0.05, 5e-05)",8,0.05,5e-05,30,0.01716470718383789,1.196721644111676,0.16362299772069192,0.8763834748187961
"(8, 0.05, 5e-05)",8,0.05,5e-05,45,0.0179327130317688,0.9819185965673085,0.42365932649660265,0.9470786631839357
"(8, 0.05, 5e-05)",8,0.05,5e-05,99,0.018523573875427246,1.0879929138989766,0.23648492987238715,0.9161229453945704
"(8, 0.05, 5e-05)",8,0.05,5e-05,2048,0.017501473426818848,0.9793779005137163,0.4766370898007095,0.9360907387411348
"(8, 0.05, 0.0001)",8,0.05,0.0001,10,0.017908155918121338,0.8106449324096819,0.6088351493802678,0.9616314391320524
"(8, 0.05, 0.0001)",8,0.05,0.0001,30,0.017176926136016846,1.1971490638347886,0.14612298749987385,0.8763927978793572
"(8, 0.05, 0.0001)",8,0.05,0.0001,45,0.017859220504760742,0.9622583247423345,0.3891581482914286,0.9471037679131564
"(8, 0.05, 0.0001)",8,0.05,0.0001,99,0.01863110065460205,0.977481623484826,0.3161197038997675,0.9387314231505333
"(8, 0.05, 0.0001)",8,0.05,0.0001,2048,0.0179518461227417,0.9993118583345729,0.440021977194567,0.936091135352876
"(8, 0.05, 0.0005)",8,0.05,0.0005,10,0.01886981725692749,0.7501198545263845,0.5354927724872097,0.9727412133160864
"(8, 0.05, 0.0005)",8,0.05,0.0005,30,0.01727128028869629,1.1379085812741905,0.14468322681320672,0.9200254367385051
"(8, 0.05, 0.0005)",8,0.05,0.0005,45,0.018356144428253174,0.7277896592144063,0.6492345435004127,0.9849750626403213
"(8, 0.05, 0.0005)",8,0.05,0.0005,99,0.01909250020980835,0.9411497455410262,0.2163607589037824,0.9428302825907908
"(8, 0.05, 0.0005)",8,0.05,0.0005,2048,0.019194960594177246,1.059684133176116,0.24674019257092503,0.9361015657290818
"(8, 0.1, 1e-06)",8,0.1,1e-06,10,0.012847304344177246,0.7478274348108214,0.6316520241661924,0.6810453807165127
"(8, 0.1, 1e-06)",8,0.1,1e-06,30,0.01321786642074585,0.6942652802913382,0.6881188936450919,0.7778110696816832
"(8, 0.1, 1e-06)",8,0.1,1e-06,45,0.0163116455078125,0.9378046418592743,0.5516007959890713,0.5859238847716939
"(8, 0.1, 1e-06)",8,0.1,1e-06,99,0.013088881969451904,0.8598987839480762,0.7518522724750797,0.838599200536023
"(8, 0.1, 1e-06)",8,0.1,1e-06,2048,0.016488969326019287,0.8361323339172148,0.7872139738351736,0.8152855333788175
"(8, 0.1, 1e-05)",8,0.1,1e-05,10,0.013177812099456787,0.6865581404664971,0.6757553876728696,0.9127734996605434
"(8, 0.1, 1e-05)",8,0.1,1e-05,30,0.015606462955474854,0.7498015356067387,0.37371594055400165,0.6638822617163667
"(8, 0.1, 1e-05)",8,0.1,1e-05,45,0.014948844909667969,0.7317843409635497,0.4689546409236497,0.7645285266136596
"(8, 0.1, 1e-05)",8,0.1,1e-05,99,0.01584726572036743,0.7193465286754243,0.5411613489647312,0.8943498706733353
"(8, 0.1, 1e-05)",8,0.1,1e-05,2048,0.016345620155334473,0.737511127147253,0.44789725480526826,0.7718762349545781
"(8, 0.1, 5e-05)",8,0.1,5e-05,10,0.015272676944732666,0.7707704444522235,0.7862903022785803,0.9721883388815695
"(8, 0.1, 5e-05)",8,0.1,5e-05,30,0.0171966552734375,1.1941522441014623,0.17133525068444252,0.8785686978238584
"(8, 0.1, 5e-05)",8,0.1,5e-05,45,0.017936527729034424,0.9925022409709496,0.42632261516138653,0.9473134864176924
"(8, 0.1, 5e-05)",8,0.1,5e-05,99,0.018981575965881348,1.1896205954683516,0.15571187338816053,0.8969864259293563
"(8, 0.1, 5e-05)",8,0.1,5e-05,2048,0.017448246479034424,0.9461645911816605,0.4943552072834187,0.9383422078300877
"(8, 0.1, 0.0001)",8,0.1,0.0001,10,0.017555654048919678,0.7726686108137567,0.6129581907286462,0.962850377720253
"(8, 0.1, 0.0001)",8,0.1,0.0001,30,0.01717686653137207,1.1965693293540438,0.1537858685870001,0.8784994298719784
"(8, 0.1, 0.0001)",8,0.1,0.0001,45,0.0178757905960083,0.9808915379950579,0.3914890749036646,0.9472914577850868
"(8, 0.1, 0.0001)",8,0.1,0.0001,99,0.018604636192321777,1.0898007773337,0.21920792251723836,0.9187828957594776
"(8, 0.1, 0.0001)",8,0.1,0.0001,2048,0.017899692058563232,0.9686378067175114,0.45801452004740256,0.9383416450817378
"(8, 0.1, 0.0005)",8,0.1,0.0005,10,0.01884084939956665,0.7785941395219245,0.5400124745895355,0.9735833613227475
"(8, 0.1, 0.0005)",8,0.1,0.0005,30,0.017289698123931885,1.1145136139955967,0.15030072751824275,0.9223737239892821
"(8, 0.1, 0.0005)",8,0.1,0.0005,45,0.018348515033721924,0.7142696852127504,0.6457931206394519,0.9850694762394816
"(8, 0.1, 0.0005)",8,0.1,0.0005,99,0.019139647483825684,0.9543220127199946,0.23737140852543906,0.9457097169705893
"(8, 0.1, 0.0005)",8,0.1,0.0005,2048,0.019219160079956055,1.0365212036233675,0.25794155289825194,0.938349885901758
"(10, 0.001, 1e-06)",10,0.001,1e-06,10,0.010867595672607422,1.0946851020352013,0.7693612434549407,0.7915323083752512
"(10, 0.001, 1e-06)",10,0.001,1e-06,30,0.010877072811126709,0.9585947463671649,0.755713207480315,0.7629408689542261
"(10, 0.001, 1e-06)",10,0.001,1e-06,45,0.010819315910339355,0.9288057112391324,0.5735162150930869,0.5515111284687984
"(10, 0.001, 1e-06)",10,0.001,1e-06,99,0.009929180145263672,1.296678335639248,0.32295825072312373,0.3851322835689684
"(10, 0.001, 1e-06)",10,0.001,1e-06,2048,0.0022597312927246094,0.9235781172563262,0.33567724919072256,0.3092900708950242
"(10, 0.001, 1e-05)",10,0.001,1e-05,10,0.011572718620300293,0.9552320534050083,0.5546176266527894,0.7916904381722948
"(10, 0.001, 1e-05)",10,0.001,1e-05,30,0.01242673397064209,0.8835388200185887,0.6014110754380949,0.8083351450456561
"(10, 0.001, 1e-05)",10,0.001,1e-05,45,0.010200202465057373,0.9220790925765694,0.3208449179126622,0.4883239899380672
"(10, 0.001, 1e-05)",10,0.001,1e-05,99,0.007819175720214844,1.1154536897161706,0.2550902661924424,0.38546577296546636
"(10, 0.001, 1e-05)",10,0.001,1e-05,2048,0.012750864028930664,0.7974568405422818,0.4666834947668716,0.8977605181036732
"(10, 0.001, 5e-05)",10,0.001,5e-05,10,0.018208980560302734,1.0054965617473812,0.13798242043083714,0.7845962894273906
"(10, 0.001, 5e-05)",10,0.001,5e-05,30,0.018686115741729736,0.9190997704901053,0.2344427203256793,0.8458332604498418
"(10, 0.001, 5e-05)",10,0.001,5e-05,45,0.019885778427124023,1.0400820625430462,0.2724173468218754,0.8462354767901533
"(10, 0.001, 5e-05)",10,0.001,5e-05,99,0.01813352108001709,1.172819143149093,0.11094466948932391,0.724486731269624
"(10, 0.001, 5e-05)",10,0.001,5e-05,2048,0.018206477165222168,1.0173476018497594,0.18705747303281467,0.7984492538224922
"(10, 0.001, 0.0001)",10,0.001,0.0001,10,0.018229424953460693,1.007873134961449,0.1268004745925613,0.7844199356734172
"(10, 0.001, 0.0001)",10,0.001,0.0001,30,0.018806636333465576,0.950338452633219,0.21071224359182783,0.8458477547545308
"(10, 0.001, 0.0001)",10,0.001,0.0001,45,0.019146978855133057,1.0475162729741716,0.1676539993224433,0.8032571805624911
"(10, 0.001, 0.0001)",10,0.001,0.0001,99,0.018109619617462158,1.1607420084682243,0.09850009195102521,0.7243848728122835
"(10, 0.001, 0.0001)",10,0.001,0.0001,2048,0.01839345693588257,1.024328372380622,0.15464108594310527,0.7984150861008563
"(10, 0.001, 0.0005)",10,0.001,0.0005,10,0.019560575485229492,0.7141498887314283,0.6003003338933074,0.9955111936393508
"(10, 0.001, 0.0005)",10,0.001,0.0005,30,0.020130455493927002,1.088635552713678,0.42774111923556485,0.9795218620151209
"(10, 0.001, 0.0005)",10,0.001,0.0005,45,0.019476115703582764,0.9842832782262059,0.11875615101246197,0.8362496952582609
"(10, 0.001, 0.0005)",10,0.001,0.0005,99,0.019193828105926514,1.0207088717210646,0.06724254673053133,0.8054012092153939
"(10, 0.001, 0.0005)",10,0.001,0.0005,2048,0.019776105880737305,0.7889254399307045,0.34034476992113455,0.9438549317064381
"(10, 0.005, 1e-06)",10,0.005,1e-06,10,0.01740926504135132,0.8072600130678999,0.96813184047497,0.9654746119729991
"(10, 0.005, 1e-06)",10,0.005,1e-06,30,0.010737180709838867,0.9931127882958958,0.6859168980592439,0.6602939600981977
"(10, 0.005, 1e-06)",10,0.005,1e-06,45,0.009382247924804688,0.9493660856961549,0.8474983970014592,0.8449388370921308
"(10, 0.005, 1e-06)",10,0.005,1e-06,99,0.010355889797210693,1.240306924544182,0.4377127478247203,0.5573174424741907
"(10, 0.005, 1e-06)",10,0.005,1e-06,2048,0.008521735668182373,0.9337164690842595,0.4057679042273198,0.39534583771521886
"(10, 0.005, 1e-05)",10,0.005,1e-05,10,0.01711142063140869,1.0487641113721062,0.4696312126886518,0.6946431444860263
"(10, 0.005, 1e-05)",10,0.005,1e-05,30,0.014577865600585938,0.9972483196107559,0.6058597626713335,0.7746969495734023
"(10, 0.005, 1e-05)",10,0.005,1e-05,45,0.009758353233337402,0.8618830728287459,0.4606920359662457,0.6573228309716164
"(10, 0.005, 1e-05)",10,0.005,1e-05,99,0.0071846842765808105,1.1334653851142587,0.33702106196390985,0.5573675709655801
"(10, 0.005, 1e-05)",10,0.005,1e-05,2048,0.017250776290893555,0.9633834084778459,0.39424691402028555,0.8855791673291161
"(10, 0.005, 5e-05)",10,0.005,5e-05,10,0.018791675567626953,0.8193043137318587,0.28427862573140905,0.8793845281879867
"(10, 0.005, 5e-05)",10,0.005,5e-05,30,0.018340587615966797,0.9258777057501698,0.20804965514732152,0.8094152436133588
"(10, 0.005, 5e-05)",10,0.005,5e-05,45,0.019147932529449463,0.9639173110711309,0.2314390563198345,0.8296443372356129
"(10, 0.005, 5e-05)",10,0.005,5e-05,99,0.01937127113342285,0.9165332662528427,0.19055037331836489,0.8378147012779001
"(10, 0.005, 5e-05)",10,0.005,5e-05,2048,0.01767253875732422,1.0049247790197193,0.3545943085178693,0.8855878153988552
"(10, 0.005, 0.0001)",10,0.005,0.0001,10,0.018811821937561035,0.808250234474452,0.26675498443990503,0.8793727456392301
"(10, 0.005, 0.0001)",10,0.005,0.0001,30,0.018343627452850342,0.9128126571266617,0.19236566050610618,0.8094162143112498
"(10, 0.005, 0.0001)",10,0.005,0.0001,45,0.01912665367126465,0.9441027317424789,0.2042736464092435,0.8295742767866562
"(10, 0.005, 0.0001)",10,0.005,0.0001,99,0.01936519145965576,0.8998781088057903,0.17675549777904737,0.8378437166904285
"(10, 0.005, 0.0001)",10,0.005,0.0001,2048,0.01807767152786255,1.0234660698360087,0.3116352119052768,0.8855829561796607
"(10, 0.005, 0.0005)",10,0.005,0.0005,10,0.01883852481842041,0.7614388028657206,0.19782340180502692,0.8906327888922766
"(10, 0.005, 0.0005)",10,0.005,0.0005,30,0.019402265548706055,0.9325007492613375,0.1309343623448713,0.848941215855832
"(10, 0.005, 0.0005)",10,0.005,0.0005,45,0.019134998321533203,0.9514496331455565,0.14276054424865323,0.8296114631182924
"(10, 0.005, 0.0005)",10,0.005,0.0005,99,0.019464433193206787,0.8023982761203915,0.14936778310315138,0.8743184305225294
"(10, 0.005, 0.0005)",10,0.005,0.0005,2048,0.019184470176696777,1.0045199459843155,0.17277776559568778,0.8852927350779259
"(10, 0.01, 1e-06)",10,0.01,1e-06,10,0.01808387041091919,0.7569813316115968,0.9730008604373669,0.9711308753927194
"(10, 0.01, 1e-06)",10,0.01,1e-06,30,0.013059258460998535,1.0060637193214608,0.6928484696971722,0.6692970763480377
"(10, 0.01, 1e-06)",10,0.01,1e-06,45,0.013074517250061035,0.8749615163611544,0.8620534417925277,0.8524509799111735
"(10, 0.01, 1e-06)",10,0.01,1e-06,99,0.011585414409637451,1.2567953645965204,0.48208958517746886,0.5891957684090632
"(10, 0.01, 1e-06)",10,0.01,1e-06,2048,0.0097617506980896,0.9320810556516503,0.4210828288916018,0.4065208292904929
"(10, 0.01, 1e-05)",10,0.01,1e-05,10,0.01646822690963745,0.9760055249374272,0.4913859792419077,0.7118608620790708
"(10, 0.01, 1e-05)",10,0.01,1e-05,30,0.014747440814971924,1.0126336465689967,0.6223223713977133,0.7831705824101162
"(10, 0.01, 1e-05)",10,0.01,1e-05,45,0.011141180992126465,0.8687048635703667,0.4812435946704199,0.6777468698056277
"(10, 0.01, 1e-05)",10,0.01,1e-05,99,0.008470237255096436,1.1290514934117324,0.3690209619509071,0.5891895270105331
"(10, 0.01, 1e-05)",10,0.01,1e-05,2048,0.01746821403503418,0.9237695375303101,0.43434611797110895,0.8947165419534843
"(10, 0.01, 5e-05)",10,0.01,5e-05,10,0.01954960823059082,0.775957169396243,0.3123614836418916,0.892038991508827
"(10, 0.01, 5e-05)",10,0.01,5e-05,30,0.01887410879135132,1.004904828131256,0.18750296347990317,0.7830040589745644
"(10, 0.01, 5e-05)",10,0.01,5e-05,45,0.01942664384841919,0.9248946295433719,0.2571378590545461,0.8443433219844604
"(10, 0.01, 5e-05)",10,0.01,5e-05,99,0.01937037706375122,0.9974156522427203,0.15054722324413136,0.7742111384451551
"(10, 0.01, 5e-05)",10,0.01,5e-05,2048,0.017880141735076904,0.9659739973104066,0.39356150899842995,0.894728622438416
"(10, 0.01, 0.0001)",10,0.01,0.0001,10,0.019556879997253418,0.7877458534452834,0.294951819564922,0.8919652406693558
"(10, 0.01, 0.0001)",10,0.01,0.0001,30,0.018864452838897705,1.0054891031447806,0.17479651058514467,0.7829888020503089
"(10, 0.01, 0.0001)",10,0.01,0.0001,45,0.01936274766921997,0.9051614252514579,0.22707971283667017,0.8443122450635923
"(10, 0.01, 0.0001)",10,0.01,0.0001,99,0.019387245178222656,1.008194720075835,0.14212903652084644,0.7742135093844656
"(10, 0.01, 0.0001)",10,0.01,0.0001,2048,0.01836174726486206,0.9836692669233397,0.34738990316143653,0.8946821161120853
"(10, 0.01, 0.0005)",10,0.01,0.0005,10,0.019563257694244385,0.77533115919429,0.22710093660828454,0.9015431384955657
"(10, 0.01, 0.0005)",10,0.01,0.0005,30,0.01881694793701172,0.8899222245322671,0.12540445080191673,0.825284601919204
"(10, 0.01, 0.0005)",10,0.01,0.0005,45,0.019777238368988037,0.9317957270920271,0.19093254785496758,0.8711202669371614
"(10, 0.01, 0.0005)",10,0.01,0.0005,99,0.0197334885597229,0.7131573197951105,0.19624015485559343,0.8909515077998447
"(10, 0.01, 0.0005)",10,0.01,0.0005,2048,0.01945406198501587,0.9731929308831077,0.2135000526271894,0.8990950899860883
"(10, 0.05, 1e-06)",10,0.05,1e-06,10,0.009451150894165039,1.0551842898839463,0.6221343789328939,0.630506203765125
"(10, 0.05, 1e-06)",10,0.05,1e-06,30,0.014681220054626465,1.0136042347782106,0.6904488106571234,0.6733885547055908
"(10, 0.05, 1e-06)",10,0.05,1e-06,45,0.010190069675445557,0.8518786391169948,0.8661788592953993,0.8683177660620812
"(10, 0.05, 1e-06)",10,0.05,1e-06,99,0.0105934739112854,1.0586977969440239,0.5172203434909497,0.6164218304192174
"(10, 0.05, 1e-06)",10,0.05,1e-06,2048,0.010768473148345947,0.9523789138832709,0.43062135769683973,0.4106226685998149
"(10, 0.05, 1e-05)",10,0.05,1e-05,10,0.014487087726593018,0.8942908247938455,0.5105127830130645,0.7218529661708376
"(10, 0.05, 1e-05)",10,0.05,1e-05,30,0.015231907367706299,0.9966292521028469,0.6317115242993927,0.7876366419363914
"(10, 0.05, 1e-05)",10,0.05,1e-05,45,0.011640608310699463,0.8489028198606386,0.47960763407437956,0.6863707275964452
"(10, 0.05, 1e-05)",10,0.05,1e-05,99,0.012419342994689941,0.9595411146101726,0.4817856587440315,0.7097857421196314
"(10, 0.05, 1e-05)",10,0.05,1e-05,2048,0.017787516117095947,0.9324714409426603,0.46820291599738206,0.9004723055679611
"(10, 0.05, 5e-05)",10,0.05,5e-05,10,0.020006239414215088,0.8648239605740516,0.33040552706400295,0.8962826901832852
"(10, 0.05, 5e-05)",10,0.05,5e-05,30,0.018973171710968018,0.9263145210186573,0.22589415783983174,0.8227825476441541
"(10, 0.05, 5e-05)",10,0.05,5e-05,45,0.019384026527404785,0.8870456763594963,0.2598788202796219,0.8538721659414985
"(10, 0.05, 5e-05)",10,0.05,5e-05,99,0.019553959369659424,0.6956215872228277,0.2862917818743712,0.8781095925021493
"(10, 0.05, 5e-05)",10,0.05,5e-05,2048,0.018215298652648926,0.9361724662997679,0.42396385043666396,0.9004478027201531
"(10, 0.05, 0.0001)",10,0.05,0.0001,10,0.019964993000030518,0.826550728666841,0.31347043791130874,0.8962652174534088
"(10, 0.05, 0.0001)",10,0.05,0.0001,30,0.019202351570129395,1.0377594499531535,0.16926257493674565,0.7774118874742952
"(10, 0.05, 0.0001)",10,0.05,0.0001,45,0.019338905811309814,0.89279425452985,0.2326276874959777,0.8538656841519833
"(10, 0.05, 0.0001)",10,0.05,0.0001,99,0.01952892541885376,0.6910631609297755,0.26856349820969694,0.8781194560007931
"(10, 0.05, 0.0001)",10,0.05,0.0001,2048,0.018708765506744385,0.9644159187653649,0.3761685738436035,0.9004665976263654
"(10, 0.05, 0.0005)",10,0.05,0.0005,10,0.019851088523864746,0.8048491434806662,0.22462315328223417,0.8961991609232698
"(10, 0.05, 0.0005)",10,0.05,0.0005,30,0.018938302993774414,0.8932998917133196,0.1316072473852749,0.8310575680634541
"(10, 0.05, 0.0005)",10,0.05,0.0005,45,0.019860923290252686,0.8886407118608128,0.1974873810704637,0.8805412790781857
"(10, 0.05, 0.0005)",10,0.05,0.0005,99,0.01968371868133545,0.737839532261521,0.2869138298436039,0.9063091516857253
"(10, 0.05, 0.0005)",10,0.05,0.0005,2048,0.019624650478363037,0.950214532060208,0.19621559949594294,0.8861109838396605
"(10, 0.1, 1e-06)",10,0.1,1e-06,10,0.010048210620880127,1.0894266031690325,0.6035756050777367,0.6058790526786453
"(10, 0.1, 1e-06)",10,0.1,1e-06,30,0.013467371463775635,0.956153811519951,0.7530863403942661,0.7242420036338456
"(10, 0.1, 1e-06)",10,0.1,1e-06,45,0.009763896465301514,0.8670938788724452,0.8669449447477592,0.8702675412842771
"(10, 0.1, 1e-06)",10,0.1,1e-06,99,0.011587440967559814,1.0561948340060416,0.5133215359813919,0.6228963790365962
"(10, 0.1, 1e-06)",10,0.1,1e-06,2048,0.010970652103424072,0.9616563210230186,0.4271085601636158,0.41165553116696485
"(10, 0.1, 1e-05)",10,0.1,1e-05,10,0.016749024391174316,0.693799084157927,0.945557123948447,0.9729021369653886
"(10, 0.1, 1e-05)",10,0.1,1e-05,30,0.015196681022644043,1.0113953874946298,0.6321529943228531,0.7889644743437106
"(10, 0.1, 1e-05)",10,0.1,1e-05,45,0.011820435523986816,0.8696635825483985,0.483571213308368,0.6888508895420349
"(10, 0.1, 1e-05)",10,0.1,1e-05,99,0.010427415370941162,1.0026385770144295,0.4129222472847798,0.6229832032361928
"(10, 0.1, 1e-05)",10,0.1,1e-05,2048,0.017757117748260498,0.9313498859898988,0.47342633702787634,0.9013459369083444
"(10, 0.1, 5e-05)",10,0.1,5e-05,10,0.020009994506835938,0.8675523946030487,0.3392091478351318,0.8978778244607705
"(10, 0.1, 5e-05)",10,0.1,5e-05,30,0.019084930419921875,0.9925594910402082,0.1923647200149385,0.7889574058241342
"(10, 0.1, 5e-05)",10,0.1,5e-05,45,0.019394755363464355,0.8959187416012607,0.2627680429457118,0.8561671253429989
"(10, 0.1, 5e-05)",10,0.1,5e-05,99,0.019669413566589355,0.7138677286914704,0.30466884748489653,0.8828407764680065
"(10, 0.1, 5e-05)",10,0.1,5e-05,2048,0.018209338188171387,0.9416644817599719,0.4290316462440316,0.9013888786648941
"(10, 0.1, 0.0001)",10,0.1,0.0001,10,0.019978642463684082,0.8684673850905836,0.3209427806147194,0.8978419736172651
"(10, 0.1, 0.0001)",10,0.1,0.0001,30,0.019052624702453613,1.013462150809842,0.1795133547189629,0.7889305557028439
"(10, 0.1, 0.0001)",10,0.1,0.0001,45,0.019345581531524658,0.8968379743155583,0.23477296951926868,0.8561713374928344
"(10, 0.1, 0.0001)",10,0.1,0.0001,99,0.019630789756774902,0.6965447520464277,0.28502837816876264,0.8828626553494235
"(10, 0.1, 0.0001)",10,0.1,0.0001,2048,0.018668651580810547,0.963105918026568,0.38062489351748513,0.9013581697094625
"(10, 0.1, 0.0005)",10,0.1,0.0005,10,0.019869983196258545,0.8464498361856899,0.22942718321564323,0.8978575054972563
"(10, 0.1, 0.0005)",10,0.1,0.0005,30,0.01899927854537964,0.8980319211397711,0.13223543164115079,0.8321237115546023
"(10, 0.1, 0.0005)",10,0.1,0.0005,45,0.019852817058563232,0.8894848420404672,0.19930290210782775,0.8823188104650931
"(10, 0.1, 0.0005)",10,0.1,0.0005,99,0.01949101686477661,0.7014281701811496,0.23508832363313512,0.8873699945471084
"(10, 0.1, 0.0005)",10,0.1,0.0005,2048,0.019638538360595703,0.9301450112883277,0.19842224669303682,0.8869812976710348
"fixed_(2, 1e-06)",2,0.0,1e-06,fixed,0.011078357696533203,0.6861695605597049,0.45765001821886014,0.0
"fixed_(2, 1e-05)",2,0.0,1e-05,fixed,0.0061667561531066895,0.8476556531476883,0.1101633174655297,0.0
"fixed_(2, 5e-05)",2,0.0,5e-05,fixed,0.004863560199737549,0.8259180075200967,0.001081734492383628,0.0
"fixed_(2, 0.0001)",2,0.0,0.0001,fixed,-0.0028907060623168945,0.8424813330661223,0.0009706707481693463,0.0
"fixed_(2, 0.0005)",2,0.0,0.0005,fixed,0.0004468560218811035,0.823778463590656,0.0012540103922222723,0.0
"fixed_(3, 1e-06)",3,0.0,1e-06,fixed,-0.0005245208740234375,0.9069024992427884,0.32820336823101726,0.0
"fixed_(3, 1e-05)",3,0.0,1e-05,fixed,0.0068228840827941895,0.9127655379901446,0.14009411544822778,0.0
"fixed_(3, 5e-05)",3,0.0,5e-05,fixed,-0.0017933845520019531,0.8836231834589704,0.08130317817927714,0.0
"fixed_(3, 0.0001)",3,0.0,0.0001,fixed,-0.0037055015563964844,0.9358887405210374,0.08042001309493653,0.0
"fixed_(3, 0.0005)",3,0.0,0.0005,fixed,-0.003975391387939453,0.9445113960362261,0.00038623420700089776,0.0
"fixed_(5, 1e-06)",5,0.0,1e-06,fixed,0.0048784613609313965,0.7352505865772571,0.4787941543342487,0.0
"fixed_(5, 1e-05)",5,0.0,1e-05,fixed,0.010184168815612793,0.9122215669292585,0.2204937570315264,0.0
"fixed_(5, 5e-05)",5,0.0,5e-05,fixed,-0.001555323600769043,0.8797425521281195,0.16118583418870658,0.0
"fixed_(5, 0.0001)",5,0.0,0.0001,fixed,0.007830262184143066,0.8527696848257683,0.11370859519585956,0.0
"fixed_(5, 0.0005)",5,0.0,0.0005,fixed,0.002962768077850342,0.9777010868754326,0.038089380126525484,0.0
"fixed_(8, 1e-06)",8,0.0,1e-06,fixed,0.014332771301269531,1.0507603433925294,0.3366863591723266,0.0
"fixed_(8, 1e-05)",8,0.0,1e-05,fixed,0.016174137592315674,1.0238676956739146,0.2530118443517594,0.0
"fixed_(8, 5e-05)",8,0.0,5e-05,fixed,0.0037413835525512695,1.0159807005099781,0.20561742378553685,0.0
"fixed_(8, 0.0001)",8,0.0,0.0001,fixed,0.00875777006149292,1.1209956421585907,0.13655429149608053,0.0
"fixed_(8, 0.0005)",8,0.0,0.0005,fixed,-0.003591179847717285,1.2036370003366095,0.00312825882846632,0.0
"fixed_(10, 1e-06)",10,0.0,1e-06,fixed,0.01838594675064087,0.9738173247347413,0.3752212608762713,0.0
"fixed_(10, 1e-05)",10,0.0,1e-05,fixed,0.00954592227935791,1.0822290567436137,0.27814935405637137,0.0
"fixed_(10, 5e-05)",10,0.0,5e-05,fixed,0.008973538875579834,1.0122855297709352,0.11982169650760464,0.0
"fixed_(10, 0.0001)",10,0.0,0.0001,fixed,0.010899722576141357,1.0701974494170017,0.09558163332971242,0.0
"fixed_(10, 0.0005)",10,0.0,0.0005,fixed,0.0004703998565673828,1.2680471779905962,0.04779948918028412,0.0
