Model,K,λ_lin,λ_nonlin,Total_R2,Pred_R2,Sharpe,CSPE,NL_frac,drift_rel,Collapsed,N_predictions,selected_by_validation
PCA,2,,,0.32945028366491536,0.014669971743618171,0.43709199794575293,0.00771870576944106,,,False,43800,True
IPCA,2,,,0.08028818492037015,0.0015948693298371008,0.5252675100488787,0.012662596896082701,,,False,43800,True
AE,2,,,0.3087981939315796,-0.008843302726745605,0.5134455248904332,0.01495132501033947,,,False,43800,True
ResCAE-Fixed,2,frozen,1e-06,0.21132344007492065,0.009436070919036865,0.5026986604268404,0.010155336397615082,0.2335134030645413,0.0,False,43800,False
ResCAE-Fixed,2,frozen,1e-05,0.2094443440437317,0.010564684867858887,0.5321910948492353,0.009473344659478359,8.401607597309958e-08,0.0,False,43800,True
ResCAE-Fixed,2,frozen,5e-05,0.20040392875671387,0.006678104400634766,0.5168163310904895,0.01052029144226875,9.138464161998221e-08,0.0,False,43800,False
ResCAE-Fixed,2,frozen,0.0001,0.20006775856018066,0.00648123025894165,0.5066341563723123,0.010507573053547643,1.3305070618029685e-07,0.0,False,43800,False
ResCAE-Fixed,2,frozen,0.0005,0.19505798816680908,0.009163141250610352,0.5595720068042852,0.00942121730089874,1.106883413950357e-07,0.0,False,43800,False
ResCAE,2,0.001,1e-06,0.20945954322814941,0.00973135232925415,0.5507915312580465,0.010029787942714849,0.8485547718975641,0.7079997837543488,False,43800,False
ResCAE,2,0.001,1e-05,0.20313340425491333,0.01645529270172119,0.47812770176811403,0.007294383992320329,4.730631905576331e-07,0.7266269564628601,False,43800,False
ResCAE,2,0.001,5e-05,0.20157384872436523,0.016965389251708984,0.4720201895961069,0.007063652497759773,1.5193496284530742e-07,0.8257644891738891,False,43800,False
ResCAE,2,0.001,0.0001,0.20176368951797485,0.016990244388580322,0.454342469649468,0.00700169654571655,5.806234520694076e-07,0.8388937711715698,False,43800,False
ResCAE,2,0.001,0.0005,0.20103693008422852,0.016963660717010498,0.5005333903986222,0.007089678130860981,3.1605629055884685e-07,0.8877093315124511,False,43800,False
ResCAE,2,0.005,1e-06,0.20818650722503662,0.008985400199890137,0.5181980001224218,0.010206640990288897,0.9138899822203526,0.7906538128852845,False,43800,False
ResCAE,2,0.005,1e-05,0.19335627555847168,0.01716560125350952,0.4849374448671542,0.007003953176275729,4.902898322448581e-07,0.7188606023788452,False,43800,False
ResCAE,2,0.005,5e-05,0.1837279200553894,0.017247140407562256,0.47669457741046345,0.0069648981552912085,5.614920318549629e-07,0.8644370317459107,False,43800,False
ResCAE,2,0.005,0.0001,0.18315446376800537,0.017199397087097168,0.47946851334571905,0.006975709202590942,7.233418287856287e-07,0.8644824385643005,False,43800,False
ResCAE,2,0.005,0.0005,0.17614436149597168,0.017301976680755615,0.4989668857597852,0.006977112148293102,8.698567542315141e-07,0.8985106945037842,False,43800,False
ResCAE,2,0.01,1e-06,0.20951533317565918,0.00896531343460083,0.54165331538689,0.01018288964815455,0.9400875719228535,0.8347255468368531,False,43800,False
ResCAE,2,0.01,1e-05,0.1893976926803589,0.017252743244171143,0.49035556424301635,0.006999946056155821,7.269537829307574e-07,0.7524746417999267,False,43800,False
ResCAE,2,0.01,5e-05,0.17551183700561523,0.017352283000946045,0.49794201138878147,0.006964108032283083,8.403305794835751e-07,0.8921467661857605,False,43800,False
ResCAE,2,0.01,0.0001,0.1748882532119751,0.01733577251434326,0.4982471253085309,0.006966755064437733,8.227901895958871e-07,0.892069149017334,False,43800,False
ResCAE,2,0.01,0.0005,0.16784608364105225,0.01740199327468872,0.5136159712380356,0.006937312303831587,7.111758871581687e-07,0.9010097742080688,False,43800,False
ResCAE,2,0.05,1e-06,0.20951569080352783,0.010203957557678223,0.5527841246557597,0.009804269612043039,0.9436513505586174,0.8380492210388184,False,43800,False
ResCAE,2,0.05,1e-05,0.1854063868522644,0.017183780670166016,0.44609812248173514,0.007039619946226666,3.687886381733191e-07,0.7680023431777954,False,43800,False
ResCAE,2,0.05,5e-05,0.16853463649749756,0.017290711402893066,0.49948013720822915,0.007008001365076292,5.552395097554402e-07,0.8948516011238098,False,43800,False
ResCAE,2,0.05,0.0001,0.16767168045043945,0.01727050542831421,0.4893237238428083,0.007014146150761865,4.7659358567877826e-07,0.8948426485061646,False,43800,False
ResCAE,2,0.05,0.0005,0.15968221426010132,0.017386317253112793,0.5105456812284308,0.00696432224724995,1.5069272885969592e-06,0.9145550608634949,False,43800,False
ResCAE,2,0.1,1e-06,0.21015751361846924,0.010103464126586914,0.5549268974754412,0.009838658896560736,0.9449759070747731,0.838477373123169,False,43800,False
ResCAE,2,0.1,1e-05,0.1848403811454773,0.017205476760864258,0.4632555920721385,0.007034174905069394,2.8507832181173127e-07,0.770345139503479,False,43800,False
ResCAE,2,0.1,5e-05,0.1675284504890442,0.01730257272720337,0.5028689971808236,0.007006261145002751,8.433009869894655e-07,0.8972836375236511,False,43800,False
ResCAE,2,0.1,0.0001,0.16664057970046997,0.01728641986846924,0.4956954641061483,0.007011544293616531,1.0081706389521001e-06,0.8971805095672607,False,43800,False
ResCAE,2,0.1,0.0005,0.1587531566619873,0.01737421751022339,0.5017245088044807,0.0069700068498750566,8.552723168891576e-07,0.9166462540626525,False,43800,True
CAE-NL (robustness),2,,1e-06,0.20015865564346313,0.014467835426330566,0.5387079098587575,0.008578921373453776,1.0,,False,43800,False
CAE-NL (robustness),2,,1e-05,0.14402854442596436,0.014893710613250732,,0.007617008606600399,,,True,43800,True
CAE-NL (robustness),2,,5e-05,0.14413046836853027,0.01525181531906128,,0.0074512638924650295,,,True,43800,False
CAE-NL (robustness),2,,0.0001,0.14402377605438232,0.015160679817199707,,0.007493746165400243,,,True,43800,False
CAE-NL (robustness),2,,0.0005,0.14316028356552124,0.015157043933868408,,0.007495445129090976,,,True,43800,False
PCA,3,,,0.34619103446104016,0.014819736854935428,0.4378543481511005,0.007650756185738212,,,False,43800,True
IPCA,3,,,0.09051800472822735,0.0014526236018035377,0.6101262340262663,0.013066311229868765,,,False,43800,True
AE,3,,,0.32138174772262573,-0.006583213806152344,0.6717341335772978,0.01441464112250686,,,False,43800,True
ResCAE-Fixed,3,frozen,1e-06,0.2138713002204895,0.009183824062347412,0.6247069148379194,0.010717653737697435,0.13767810885971712,0.0,False,43800,False
ResCAE-Fixed,3,frozen,1e-05,0.2167363166809082,0.012794852256774902,0.5820859291754024,0.009276675987758897,7.372148759786429e-08,0.0,False,43800,True
ResCAE-Fixed,3,frozen,5e-05,0.20834940671920776,0.00849217176437378,0.5854267317915038,0.010497215941859876,4.347235228852585e-08,0.0,False,43800,False
ResCAE-Fixed,3,frozen,0.0001,0.20812124013900757,0.009006738662719727,0.5583600752227431,0.010324560363759795,5.245750173845512e-08,0.0,False,43800,False
ResCAE-Fixed,3,frozen,0.0005,0.2016754150390625,0.008502364158630371,0.36741564028381196,0.009761573283158919,1.5698911785719496e-08,0.0,False,43800,False
ResCAE,3,0.001,1e-06,0.21318155527114868,0.01393347978591919,0.6395091645279439,0.00889530814485553,0.6901460640968754,0.6987517654895783,False,43800,False
ResCAE,3,0.001,1e-05,0.19649535417556763,0.016997039318084717,0.5675323865093955,0.007028072716233567,1.620543889025877e-07,0.7044095754623413,False,43800,False
ResCAE,3,0.001,5e-05,0.20029860734939575,0.01728808879852295,0.531800681883709,0.006786612084560448,6.221611133792316e-08,0.8222477436065674,False,43800,False
ResCAE,3,0.001,0.0001,0.20044738054275513,0.01727139949798584,0.5007102035431559,0.006770684718010505,7.859514895363661e-08,0.822261905670166,False,43800,False
ResCAE,3,0.001,0.0005,0.20487117767333984,0.017261505126953125,0.49832926599386007,0.006709481756877333,1.195556537649787e-07,0.9360785961151123,False,43800,False
ResCAE,3,0.005,1e-06,0.20952260494232178,0.013800203800201416,0.6466868912056717,0.008968135411867128,0.8579966322856653,0.8205950856208801,False,43800,False
ResCAE,3,0.005,1e-05,0.16910529136657715,0.017372548580169678,0.781548858043507,0.00659878940496328,2.1239317901849012e-07,0.6679377615451813,False,43800,False
ResCAE,3,0.005,5e-05,0.16788095235824585,0.01688861846923828,0.6276990112407124,0.006800256278017518,3.9820274460025245e-07,0.8633164882659912,False,43800,False
ResCAE,3,0.005,0.0001,0.16768473386764526,0.016896605491638184,0.6275971795008166,0.006782689633124923,3.061054596662319e-07,0.8632109642028809,False,43800,False
ResCAE,3,0.005,0.0005,0.16439688205718994,0.016450822353363037,0.584497990254732,0.00696568506851814,6.165592554370156e-07,0.9067655682563782,False,43800,False
ResCAE,3,0.01,1e-06,0.20608633756637573,0.012547135353088379,0.6422885035629989,0.009554361546544826,0.8730370901216765,0.8372347950935364,False,43800,False
ResCAE,3,0.01,1e-05,0.1672208309173584,0.01709085702896118,0.8426774923920348,0.006783076879788828,2.3194982035750706e-07,0.6909486055374146,False,43800,False
ResCAE,3,0.01,5e-05,0.1666548252105713,0.016646623611450195,0.6273900784016035,0.006941374505776353,2.770725170597411e-07,0.8704006910324097,False,43800,False
ResCAE,3,0.01,0.0001,0.16639643907546997,0.016628742218017578,0.6298966673688944,0.006933600409584161,4.320089736524806e-07,0.870499563217163,False,43800,False
ResCAE,3,0.01,0.0005,0.16322535276412964,0.015865683555603027,0.5416302015004423,0.00717796877856906,5.400136486885408e-07,0.9169071912765503,False,43800,False
ResCAE,3,0.05,1e-06,0.2050524353981018,0.011693120002746582,0.6541641645622442,0.009798557235014788,0.8760541943273183,0.8276059210300446,False,43800,False
ResCAE,3,0.05,1e-05,0.16435444355010986,0.016876637935638428,0.8426448447160327,0.006779564960831233,1.4193114185070252e-07,0.6990871906280518,False,43800,False
ResCAE,3,0.05,5e-05,0.16640442609786987,0.016454577445983887,0.6335512245991105,0.007008563573826259,4.3446888927860787e-07,0.8590595364570618,False,43800,False
ResCAE,3,0.05,0.0001,0.1666458249092102,0.01644420623779297,0.5708393561771015,0.007021045513487286,2.620715247860318e-07,0.8627987742424011,False,43800,False
ResCAE,3,0.05,0.0005,0.16390961408615112,0.01552039384841919,0.5024706047640429,0.007297879515787336,1.4280854179032935e-07,0.9195632576942444,False,43800,False
ResCAE,3,0.1,1e-06,0.20503008365631104,0.011726081371307373,0.6544353843524247,0.009784847616585182,0.8769613566749684,0.8280257880687714,False,43800,False
ResCAE,3,0.1,1e-05,0.16427528858184814,0.01686882972717285,0.8514532532962159,0.006785524568648287,2.782328750122322e-07,0.7007300376892089,False,43800,False
ResCAE,3,0.1,5e-05,0.16681790351867676,0.016438007354736328,0.5883140915330553,0.0070257152759299136,2.2003699004361247e-07,0.8603299260139465,False,43800,True
ResCAE,3,0.1,0.0001,0.1666172742843628,0.016447007656097412,0.5973511961930493,0.007018460932222248,1.48911501493957e-07,0.8603093147277832,False,43800,False
ResCAE,3,0.1,0.0005,0.1642048954963684,0.015545368194580078,0.4759321833322669,0.007306570099857387,1.5676726174249758e-07,0.9205196142196655,False,43800,False
CAE-NL (robustness),3,,1e-06,0.198564350605011,0.012820720672607422,0.5096243794755498,0.009169155842611229,1.0,,False,43800,False
CAE-NL (robustness),3,,1e-05,0.14368784427642822,0.014931440353393555,,0.007599635729323617,,,True,43800,False
CAE-NL (robustness),3,,5e-05,0.14354532957077026,0.014806747436523438,,0.0076566497302022665,,,True,43800,False
CAE-NL (robustness),3,,0.0001,0.1437048316001892,0.014627337455749512,,0.007737931815523571,,,True,43800,False
CAE-NL (robustness),3,,0.0005,0.14320582151412964,0.014602303504943848,,0.007749232485370959,,,True,43800,True
PCA,5,,,0.36529421105759585,0.014770354676212016,0.4319032426191381,0.007673227744704219,,,False,43800,True
IPCA,5,,,0.10392375285349564,0.0008315679124686337,0.8193353001987054,0.012974261950923627,,,False,43800,True
AE,5,,,0.3205289840698242,0.0013105273246765137,0.5239632412592332,0.012358716124900786,,,False,43800,True
ResCAE-Fixed,5,frozen,1e-06,0.2181168794631958,0.010187387466430664,0.6847523392616992,0.010464996482046018,0.13135329609742216,0.0,False,43800,True
ResCAE-Fixed,5,frozen,1e-05,0.21484613418579102,0.008586525917053223,0.6875958551192601,0.010349997449222919,0.0036785409504135006,0.0,False,43800,False
ResCAE-Fixed,5,frozen,5e-05,0.2097334861755371,0.006132543087005615,0.6784761657948447,0.010797540198964603,5.8801852586409934e-08,0.0,False,43800,False
ResCAE-Fixed,5,frozen,0.0001,0.20966452360153198,0.007076740264892578,0.631811344421033,0.01033011138224727,4.071729320694839e-08,0.0,False,43800,False
ResCAE-Fixed,5,frozen,0.0005,0.20311743021011353,0.008601963520050049,0.4151323444744301,0.009687757279316308,2.3478684547322167e-08,0.0,False,43800,False
ResCAE,5,0.001,1e-06,0.21028584241867065,0.009346485137939453,0.5442411732975448,0.010387188961508654,0.825619339534196,0.8748886823654175,False,43800,False
ResCAE,5,0.001,1e-05,0.20500534772872925,0.01676112413406372,0.847975792746752,0.00763253470021475,0.03140695241136237,0.6705002069473267,False,43800,False
ResCAE,5,0.001,5e-05,0.20712429285049438,0.017284691333770752,0.8173903064648746,0.007255567945402008,3.573920596200873e-08,0.8009510040283203,False,43800,False
ResCAE,5,0.001,0.0001,0.20702290534973145,0.017355680465698242,0.8001659742566252,0.007227512079372714,6.946316468928229e-08,0.8013305425643921,False,43800,False
ResCAE,5,0.001,0.0005,0.2078101634979248,0.017793715000152588,0.5740373274199584,0.006830904347035499,3.055047109806114e-08,0.8915825247764587,False,43800,False
ResCAE,5,0.005,1e-06,0.21000468730926514,0.010303258895874023,0.5119789333928191,0.009997319685682531,0.9176571266041138,0.9226811170578003,False,43800,False
ResCAE,5,0.005,1e-05,0.19185274839401245,0.017300426959991455,0.9184611411138922,0.007115132923071484,0.05070289714892481,0.6877528667449951,False,43800,False
ResCAE,5,0.005,5e-05,0.18179118633270264,0.01698613166809082,0.9275053802719267,0.0072246751710366135,1.160251253849995e-07,0.8449746966362,False,43800,True
ResCAE,5,0.005,0.0001,0.1817898154258728,0.017033040523529053,0.8997442784648179,0.007218128726641564,7.635606278323571e-08,0.845021378993988,False,43800,False
ResCAE,5,0.005,0.0005,0.18031847476959229,0.017408132553100586,0.8673640805311422,0.007156772548088388,3.9068689138215925e-08,0.8487739801406861,False,43800,False
ResCAE,5,0.01,1e-06,0.20993798971176147,0.010245323181152344,0.5521835685594256,0.009997385127960891,0.9238087540341167,0.9266639232635498,False,43800,False
ResCAE,5,0.01,1e-05,0.1903126835823059,0.017326056957244873,0.9108859700219315,0.007047015112076542,0.05831303505759659,0.6814778208732605,False,43800,False
ResCAE,5,0.01,5e-05,0.17687296867370605,0.01728111505508423,0.8998535079071767,0.007042763965383814,9.663243907417652e-08,0.8367681264877319,False,43800,False
ResCAE,5,0.01,0.0001,0.17650282382965088,0.017117679119110107,0.9215713844699438,0.007106105125782948,1.0593113072218222e-07,0.8435359954833984,False,43800,False
ResCAE,5,0.01,0.0005,0.17443066835403442,0.01740199327468872,0.8255254725656901,0.007071169804834666,6.452959008396379e-08,0.8579994082450867,False,43800,False
ResCAE,5,0.05,1e-06,0.21052491664886475,0.01036912202835083,0.5529757765534348,0.009977808681169955,0.9120236568530873,0.9110642313957215,False,43800,False
ResCAE,5,0.05,1e-05,0.18901824951171875,0.017018139362335205,0.9394519638031846,0.007155619744244747,0.06528575589819689,0.6828029155731201,False,43800,False
ResCAE,5,0.05,5e-05,0.17447948455810547,0.0171927809715271,0.9371697445892258,0.0070757459801110735,1.2515820802591683e-07,0.833105742931366,False,43800,False
ResCAE,5,0.05,0.0001,0.17317378520965576,0.017126023769378662,0.8814249377907384,0.007041801199790619,1.2902784994887504e-07,0.8558938026428222,False,43800,False
ResCAE,5,0.05,0.0005,0.17014050483703613,0.017390310764312744,0.8061763209143019,0.0070184122456210946,8.645615922866499e-08,0.870082700252533,False,43800,False
ResCAE,5,0.1,1e-06,0.21068507432937622,0.010473549365997314,0.5495767211873862,0.009942266103714778,0.9127505719691805,0.911443829536438,False,43800,False
ResCAE,5,0.1,1e-05,0.18889814615249634,0.01700913906097412,0.9184118498173317,0.007153082472533728,0.062929228065555,0.6846987843513489,False,43800,False
ResCAE,5,0.1,5e-05,0.17423021793365479,0.017198383808135986,0.9238004930155096,0.007072139017253989,1.017915757538655e-07,0.8350863814353943,False,43800,False
ResCAE,5,0.1,0.0001,0.17333614826202393,0.017194688320159912,0.8949887978661425,0.006987254009125672,9.380566151512784e-08,0.8498432636260986,False,43800,False
ResCAE,5,0.1,0.0005,0.16987216472625732,0.017414510250091553,0.8131067784744055,0.006999238531058631,6.640779985310075e-08,0.8719985246658325,False,43800,False
CAE-NL (robustness),5,,1e-06,0.1999494433403015,0.013142526149749756,0.5051397147863003,0.009066224191936268,1.0,,False,43800,False
CAE-NL (robustness),5,,1e-05,0.14380812644958496,0.015057027339935303,,0.007541826380268841,,,True,43800,False
CAE-NL (robustness),5,,5e-05,0.14366525411605835,0.015036344528198242,,0.007551401081939314,,,True,43800,False
CAE-NL (robustness),5,,0.0001,0.14353346824645996,0.015053331851959229,,0.007543530767019335,,,True,43800,False
CAE-NL (robustness),5,,0.0005,0.1419205665588379,0.014783382415771484,,0.0076672882984603966,,,True,43800,True
PCA,8,,,0.3874937539602227,0.015162172456562817,0.6081012859651412,0.007493075703309812,,,False,43800,True
IPCA,8,,,0.12314871579581943,-0.00039887313638886646,0.8291390897668655,0.013030551161011952,,,False,43800,True
AE,8,,,0.32475847005844116,-0.0033032894134521484,-0.2645823659432859,0.013598155190241809,,,False,43800,True
ResCAE-Fixed,8,frozen,1e-06,0.21725201606750488,0.009010732173919678,0.7643428664708758,0.010796287527456634,0.11570989030508357,0.0,False,43800,True
ResCAE-Fixed,8,frozen,1e-05,0.21749520301818848,0.008275866508483887,0.7431193754969081,0.010847087759534782,0.030383659976183416,0.0,False,43800,False
ResCAE-Fixed,8,frozen,5e-05,0.21547967195510864,0.01117795705795288,0.6526079472751957,0.009331583197114255,2.8090089117492844e-08,0.0,False,43800,False
ResCAE-Fixed,8,frozen,0.0001,0.21315431594848633,0.010009229183197021,0.5736445211635828,0.009677262244991366,2.7000636449311837e-08,0.0,False,43800,False
ResCAE-Fixed,8,frozen,0.0005,0.2193756103515625,0.015765845775604248,0.34343567489594706,0.00710282001437616,3.465991904161713e-08,0.0,False,43800,False
ResCAE,8,0.001,1e-06,0.21175050735473633,0.008739769458770752,0.7919089043196876,0.010463261276324793,0.4312489169850108,0.6668653845787048,False,43800,False
ResCAE,8,0.001,1e-05,0.20881956815719604,0.014462530612945557,0.7014857405967654,0.009022522957544101,0.08014385386140388,0.7817041039466858,False,43800,False
ResCAE,8,0.001,5e-05,0.20907890796661377,0.017344236373901367,0.6927472949256112,0.007497415348746127,6.629048275502517e-08,0.8275074481964111,False,43800,False
ResCAE,8,0.001,0.0001,0.20937669277191162,0.017415523529052734,0.6906843733776314,0.007468642316531457,9.318811973858198e-08,0.8297265768051147,False,43800,False
ResCAE,8,0.001,0.0005,0.20577079057693481,0.018286466598510742,0.6721826122426753,0.007161972260781124,2.0682089529647324e-08,0.8752639293670654,False,43800,False
ResCAE,8,0.005,1e-06,0.21245521306991577,0.013287901878356934,0.5971460769008635,0.008861504306423294,0.858751592235261,0.8909013271331787,False,43800,False
ResCAE,8,0.005,1e-05,0.20635032653808594,0.015609502792358398,0.703636382474619,0.008349694644470383,0.12283190748204548,0.677913773059845,False,43800,False
ResCAE,8,0.005,5e-05,0.1968746781349182,0.017208993434906006,0.7553928351566084,0.0077602529935860325,9.915838169380577e-08,0.8064748525619507,False,43800,False
ResCAE,8,0.005,0.0001,0.1961420774459839,0.01746535301208496,0.7522203155116266,0.007688880568509054,9.058003980893588e-08,0.8051239490509033,False,43800,False
ResCAE,8,0.005,0.0005,0.19119197130203247,0.01793825626373291,0.7148492146171264,0.007368260191036303,6.162304593100235e-08,0.8834568142890931,False,43800,False
ResCAE,8,0.01,1e-06,0.20891183614730835,0.01083064079284668,0.6708248086801688,0.009692949203695624,0.7789942297542386,0.8365000128746033,False,43800,False
ResCAE,8,0.01,1e-05,0.20454519987106323,0.015853822231292725,0.7196022848019108,0.008232460128504985,0.1563497833707035,0.6996972322463989,False,43800,False
ResCAE,8,0.01,5e-05,0.19304072856903076,0.017290234565734863,0.7342327017568537,0.00776122354473508,8.640478418736576e-08,0.8200200200080872,False,43800,False
ResCAE,8,0.01,0.0001,0.19284296035766602,0.01761835813522339,0.7093187370690117,0.007594653393345157,9.836309736598381e-08,0.8277342438697814,False,43800,False
ResCAE,8,0.01,0.0005,0.187383234500885,0.01810324192047119,0.7597508985992173,0.007172980128129511,3.6585280254114685e-08,0.911598289012909,False,43800,False
ResCAE,8,0.05,1e-06,0.20788276195526123,0.012327194213867188,0.6927807868156262,0.0094419399763873,0.8802979375668638,0.8919122695922852,False,43800,False
ResCAE,8,0.05,1e-05,0.2060578465461731,0.015443861484527588,0.7085330420954024,0.008440381979823065,0.2326784116692903,0.7239786386489868,False,43800,False
ResCAE,8,0.05,5e-05,0.18745261430740356,0.01746976375579834,0.716440896011091,0.007524827367443887,1.4668534165000574e-07,0.8574314117431641,False,43800,False
ResCAE,8,0.05,0.0001,0.18729084730148315,0.017673790454864502,0.7098981007494582,0.007415387110659802,8.545430351785207e-08,0.864866292476654,False,43800,False
ResCAE,8,0.05,0.0005,0.18150144815444946,0.017765700817108154,0.7670959303390045,0.007186779533994594,9.026595585694255e-08,0.9412248134613037,False,43800,False
ResCAE,8,0.1,1e-06,0.20779180526733398,0.012289822101593018,0.6732021319370949,0.009480089470410114,0.885299568171142,0.8946035027503967,False,43800,False
ResCAE,8,0.1,1e-05,0.20598655939102173,0.015625298023223877,0.6990066406016104,0.00837717565700089,0.22714326643518984,0.7274461150169372,False,43800,False
ResCAE,8,0.1,5e-05,0.18618696928024292,0.017304301261901855,0.7102682848337163,0.007653590787992159,1.0006155808337716e-07,0.8406405329704285,False,43800,True
ResCAE,8,0.1,0.0001,0.1861003041267395,0.017632246017456055,0.7470285858942666,0.0074756188962247444,1.3545180724204488e-07,0.8586368680000305,False,43800,False
ResCAE,8,0.1,0.0005,0.1808253526687622,0.017741918563842773,0.7376459294497579,0.007171986701162097,1.228580188467838e-07,0.9431290984153747,False,43800,False
CAE-NL (robustness),8,,1e-06,0.19883841276168823,0.012074947357177734,0.5623476100230725,0.009490011606339221,1.0,,False,43800,False
CAE-NL (robustness),8,,1e-05,0.14335590600967407,0.01428157091140747,,0.007892206142529638,,,True,43800,True
CAE-NL (robustness),8,,5e-05,0.14362919330596924,0.014972031116485596,,0.007581062032788358,,,True,43800,False
CAE-NL (robustness),8,,0.0001,0.14302998781204224,0.015019595623016357,,0.007559099150543504,,,True,43800,False
CAE-NL (robustness),8,,0.0005,0.1423177719116211,0.014652073383331299,,0.007726810212247128,,,True,43800,False
PCA,10,,,0.40824776009543073,0.015397828862386942,0.7138604815577143,0.0073826075665182215,,,False,43800,True
IPCA,10,,,0.13288992909365072,-3.5829435375722696e-05,0.7427585407589384,0.013031989236104675,,,False,43800,True
AE,10,,,0.32116854190826416,-5.316734313964844e-05,-0.17933185366350382,0.012737605162070101,,,False,43800,True
ResCAE-Fixed,10,frozen,1e-06,0.21352118253707886,0.004071414470672607,0.7214435467129067,0.011399051471721901,0.07662942936526973,0.0,False,43800,False
ResCAE-Fixed,10,frozen,1e-05,0.22200065851211548,0.010953545570373535,0.797127898440568,0.009893582651044616,0.04090381213290514,0.0,False,43800,True
ResCAE-Fixed,10,frozen,5e-05,0.2180643081665039,0.010879814624786377,0.6965125083861483,0.009711723315782971,2.8477250739859742e-08,0.0,False,43800,False
ResCAE-Fixed,10,frozen,0.0001,0.21904093027114868,0.012619256973266602,0.7088370110617354,0.009094375444606246,1.4691630066463353e-08,0.0,False,43800,False
ResCAE-Fixed,10,frozen,0.0005,0.22037136554718018,0.01607811450958252,0.7628624931748322,0.006763896080105643,1.1677392783126868e-08,0.0,False,43800,False
ResCAE,10,0.001,1e-06,0.21180301904678345,0.008179068565368652,0.7723740127832537,0.010079896550278373,0.3162135797033104,0.6719911277294159,False,43800,False
ResCAE,10,0.001,1e-05,0.2151501178741455,0.012437403202056885,0.757587289504832,0.009615192185493159,0.13254470422077785,0.751468563079834,False,43800,False
ResCAE,10,0.001,5e-05,0.2132720947265625,0.017655789852142334,0.8193940593796145,0.007096564191813301,2.992176978116093e-08,0.6812732338905334,False,43800,False
ResCAE,10,0.001,0.0001,0.21313625574111938,0.01769089698791504,0.8153783053584356,0.007086048837399987,3.0417275593744604e-08,0.6814043641090393,False,43800,False
ResCAE,10,0.001,0.0005,0.2096431851387024,0.01824289560317993,0.7647703817016891,0.0069245926871534386,1.4489557553550325e-08,0.8145466446876526,False,43800,False
ResCAE,10,0.005,1e-06,0.20761650800704956,0.008578121662139893,0.7985354896880026,0.01010643697950429,0.49549667210420334,0.7699038982391357,False,43800,False
ResCAE,10,0.005,1e-05,0.21024435758590698,0.014287173748016357,0.7317495610188358,0.008786935979551148,0.2427864489092446,0.827989137172699,False,43800,False
ResCAE,10,0.005,5e-05,0.2002062201499939,0.017102837562561035,0.7459570901459469,0.007427417649733758,4.676367410197695e-08,0.797226345539093,False,43800,False
ResCAE,10,0.005,0.0001,0.19980072975158691,0.017196595668792725,0.7430459201303328,0.007341152113024643,3.384282050541342e-08,0.7973634481430054,False,43800,False
ResCAE,10,0.005,0.0005,0.19664126634597778,0.01772284507751465,0.7434234127310131,0.00714396367729807,2.0336197214099758e-08,0.8111678242683411,False,43800,False
ResCAE,10,0.01,1e-06,0.2089877724647522,0.010743439197540283,0.751730851160921,0.009692114628157797,0.5125726271854967,0.7719643712043762,False,43800,False
ResCAE,10,0.01,1e-05,0.20814281702041626,0.014345169067382812,0.7115697878862344,0.00880881526850905,0.2714789382237838,0.8439748167991639,False,43800,False
ResCAE,10,0.01,5e-05,0.1982676386833191,0.01700413227081299,0.7720532902088175,0.007463633654739932,7.910290947496047e-08,0.8146746397018433,False,43800,False
ResCAE,10,0.01,0.0001,0.19766122102737427,0.017075657844543457,0.7514441563178385,0.0073673470955366105,6.810830767910854e-08,0.8233263492584229,False,43800,False
ResCAE,10,0.01,0.0005,0.19248712062835693,0.01774156093597412,0.7296206045382547,0.0070032014621551255,3.976576193369038e-08,0.8515343546867371,False,43800,False
ResCAE,10,0.05,1e-06,0.2047712206840515,0.00837928056716919,0.7549812331605502,0.010552977945333237,0.6868315720901433,0.8733982443809509,False,43800,False
ResCAE,10,0.05,1e-05,0.2080504298210144,0.014309942722320557,0.7219866356344636,0.008773840102673243,0.20474993288870816,0.7789829254150391,False,43800,False
ResCAE,10,0.05,5e-05,0.19647586345672607,0.017113327980041504,0.7587410056416499,0.007421198856304119,7.470600264987025e-08,0.8337840080261231,False,43800,False
ResCAE,10,0.05,0.0001,0.1958354115486145,0.01710444688796997,0.7610603309968633,0.007353525994355588,5.399586594063742e-08,0.8422038912773132,False,43800,False
ResCAE,10,0.05,0.0005,0.1903519630432129,0.01770806312561035,0.7108196235877201,0.007023909936655998,3.694330793408964e-08,0.86745365858078,False,43800,False
ResCAE,10,0.1,1e-06,0.20448189973831177,0.008289039134979248,0.7354809683426027,0.010592372710277092,0.6902338093939487,0.8760205149650574,False,43800,False
ResCAE,10,0.1,1e-05,0.20745086669921875,0.014509081840515137,0.6952843132221471,0.008719342410357229,0.28296814718205315,0.8519941926002502,False,43800,False
ResCAE,10,0.1,5e-05,0.19666093587875366,0.016964852809906006,0.7833298412186521,0.007515893577998336,7.54005148805307e-08,0.8255298018455506,False,43800,False
ResCAE,10,0.1,0.0001,0.19568175077438354,0.01712554693222046,0.7716648013436556,0.007345602225578466,4.604141737707913e-08,0.84521404504776,False,43800,True
ResCAE,10,0.1,0.0005,0.18998396396636963,0.017606139183044434,0.7074914161802044,0.007047347592369494,4.146236781215874e-08,0.8749117970466613,False,43800,False
CAE-NL (robustness),10,,1e-06,0.20034468173980713,0.01241832971572876,0.6242839629931438,0.009570566639524145,1.0,,False,43800,False
CAE-NL (robustness),10,,1e-05,0.14099907875061035,0.012830197811126709,,0.008509271593040194,,,True,43800,False
CAE-NL (robustness),10,,5e-05,0.1412220597267151,0.013428688049316406,,0.008260391298930593,,,True,43800,True
CAE-NL (robustness),10,,0.0001,0.1411525011062622,0.01388174295425415,,0.008066926640254834,,,True,43800,False
CAE-NL (robustness),10,,0.0005,0.14102643728256226,0.014503836631774902,,0.007793377467148197,,,True,43800,False
